user_id,age,height_cm,current_weight_kg,daily_calories,protein_grams,workout_days_per_week,workout_minutes_per_day,sleep_hours,water_liters,goal_days,final_weight_kg
1,25,151,90.3,2503,102,2,20,7.5,4.1,30,91
2,20,151,53.3,2452,174,0,90,5.4,3.3,90,54.1
3,46,187,63.9,1526,85,6,50,5.8,1.8,60,59.3
4,42,156,68.5,2908,112,0,75,6.9,4.4,75,70.5
5,36,190,83.3,2981,94,1,0,7.5,3.7,30,85.4
6,24,174,63.8,2994,86,5,50,5.4,1.9,120,67.2
7,28,184,89.6,2169,163,6,45,9,3.2,90,88.4
8,38,153,61.1,1631,125,6,45,4.8,4.2,90,57.2
9,38,163,85.4,3120,162,2,45,5.1,3.6,90,88.9
10,55,177,99.2,3135,137,3,30,6.8,1.3,30,101.3
11,27,190,57.1,3229,61,6,60,7.2,2.6,60,60.5
12,18,193,89.1,2592,132,1,45,6.5,2.6,120,92
13,34,182,91.4,3579,72,4,90,7.2,1.5,45,94.1
14,51,150,82.1,3501,49,1,50,8.5,3.9,60,85.8
15,33,186,102,1850,169,1,90,7.9,1.4,75,101.3
16,28,166,78.1,3233,99,3,45,6.3,3.4,60,80.9
17,51,178,54.9,2420,61,5,0,7.1,1.8,45,54
18,21,164,51.8,1628,129,1,90,5.6,3.3,45,50
19,54,186,74.9,3437,149,3,20,4.9,2.5,75,79.4
20,21,193,85.2,1903,60,6,50,8.1,1.4,45,82.9
21,46,158,72,2640,163,3,20,6.5,4,90,73.2
22,52,150,103.2,2468,87,6,75,6.7,4,30,102.3
23,18,174,63.1,3363,118,6,90,7.5,2.7,45,64.7
24,21,187,89.9,1749,125,0,0,7.1,2.8,90,86.5
25,50,155,96.5,1780,62,3,60,5,4.1,45,94.8
26,20,189,52.7,2795,111,3,50,5.6,2.4,120,55.5
27,47,170,101,1797,47,7,20,4.8,1.7,60,97.4
28,40,154,98.1,3013,117,2,75,8.3,3.5,90,103
29,51,150,86.1,2726,71,2,45,5,1.4,90,86.5
30,36,188,60,2904,97,4,90,6.7,4.2,30,59.9
31,45,167,50.5,2866,78,4,30,7.8,2.9,75,52.9
32,25,154,101.9,2110,184,0,50,7.1,1.5,45,100.6
33,41,152,99.2,2360,108,1,50,8,4.1,75,100.8
34,27,165,97.3,2225,150,0,30,7.8,2.2,75,98.1
35,33,167,57.1,1942,142,0,75,5.5,3.9,75,55.3
36,32,164,49.3,2291,147,5,45,8.4,4.4,60,49.1
37,50,175,86.7,2856,52,1,45,5.3,4.4,60,87.2
38,45,172,89.5,2784,156,1,60,8.5,1.7,30,91
39,18,183,100.8,2307,138,6,20,8.8,4.2,90,101
40,25,169,76.9,3172,128,6,45,7,1.7,120,83
41,29,189,80.4,3163,185,0,45,5.8,2.5,90,85.5
42,38,179,73.2,2375,175,7,30,7.5,2,120,73.9
43,39,155,94.7,2462,124,3,40,5.2,1.2,75,95
44,22,179,71.6,2296,143,7,60,5.6,3.3,30,72
45,24,177,60.5,3402,57,3,20,6.6,3.8,120,67.7
46,53,188,66.1,3312,174,6,90,6.5,1.6,75,69.1
47,33,190,63.8,3484,106,4,75,4.8,2,60,66.5
48,52,155,55.9,2447,143,2,40,4.8,2.4,90,56.1
49,21,163,95.5,3095,50,6,75,4.5,2.2,75,97.6
50,44,184,90.6,2403,169,3,45,6.5,1.1,60,91.2
51,43,160,95.9,2022,181,0,60,7.2,3.3,30,96
52,26,179,58.4,2565,142,5,40,6.5,2.2,75,58.6
53,44,166,95.6,3426,49,0,50,5.5,1.2,120,101.5
54,19,165,59.4,1583,84,3,30,6.6,1.4,45,57.1
55,34,173,57.6,1969,86,4,20,7.1,4.3,90,56.1
56,42,175,101.7,2312,64,3,20,7.6,2.1,120,101.7
57,25,186,92.6,2922,181,6,50,4.8,3.3,30,94.2
58,49,156,72.7,2983,162,2,60,5.3,2.8,120,76.5
59,52,180,74.5,2599,127,3,20,5.8,2.6,75,75.7
60,42,171,49.6,2831,91,7,40,6.1,1.9,60,51.4
61,35,185,48.6,2282,66,3,60,6.7,3.7,120,47.4
62,49,178,93.2,1881,120,3,60,7.6,2.1,90,90.4
63,53,183,67.6,2854,135,7,45,5.9,1.8,120,69.3
64,25,184,102.2,2258,94,3,75,5.7,3.1,90,101.1
65,24,162,64.9,2978,90,4,0,7.7,1.4,30,67.1
66,53,168,87.8,2017,170,1,0,7.1,2.6,75,86.7
67,21,166,101.6,3456,74,1,60,6.7,3,120,108.2
68,27,186,102.1,1848,108,1,90,7.9,3.1,90,99.2
69,51,174,73.7,3313,121,6,45,7.1,1.2,120,78.9
70,31,190,60,1832,85,3,30,7,1.5,75,57.5
71,48,168,49.9,2680,117,7,20,7.6,4.2,120,52.7
72,30,177,54.5,2420,83,4,30,4.8,1.6,60,54.4
73,54,168,73,3419,122,6,45,6.8,2.7,30,74.9
74,45,170,82.4,1605,68,3,0,9,3.4,60,80.5
75,29,180,77.6,3311,116,2,60,7.4,2.7,30,79.3
76,44,171,66.3,1928,86,5,60,7.6,2,75,64.6
77,53,152,73.9,2788,109,5,20,8.9,2.4,90,77.5
78,18,192,97.6,3392,150,0,40,6.8,3.2,75,103
79,21,163,63.2,2036,118,7,75,5,4.4,90,60.4
80,28,169,79.4,3171,68,3,20,6.6,1.4,45,81.4
81,36,182,88.2,3201,168,7,40,6.6,1.5,45,91.1
82,50,158,97.2,2631,151,5,90,5.7,1,120,96.9
83,55,187,104.9,3505,83,7,90,6.7,2.2,90,108.6
84,38,162,103.9,2478,143,3,60,4.7,3.6,120,105
85,42,174,104.3,2123,171,0,30,6.8,3.1,30,105
86,46,156,78,3371,48,2,60,8.4,4.4,30,79.9
87,34,171,83.5,3128,65,5,90,6.2,2.1,120,87.5
88,49,184,50,1780,105,4,40,7.9,2.5,30,49.6
89,24,178,57.5,2726,52,0,50,8.1,2,60,58.8
90,33,183,71.5,2237,88,2,20,7.2,2.3,120,70.3
91,55,159,61.2,2540,162,4,0,8.5,2.6,60,63
92,28,154,73.2,2915,121,6,45,6.6,2.1,75,75.9
93,24,165,69.7,2970,120,4,0,8.9,3.3,60,71.5
94,21,188,90.5,2672,103,5,40,7.4,3.2,120,93.1
95,26,190,53.5,1661,124,7,0,7.1,3.6,30,53.5
96,38,176,58,2041,183,5,90,6.8,2,45,56.2
97,48,168,90.6,2887,74,7,20,5.1,4.4,120,93.9
98,43,185,68.8,3116,48,4,90,5.1,2.3,120,72.1
99,55,174,94.9,3021,72,3,75,4.6,4.1,90,96.9
100,32,191,51.6,3401,122,6,20,5.1,4.3,60,56.2
101,25,156,61.4,2055,144,7,50,7.5,3.6,90,59.3
102,27,176,85.3,3504,149,4,0,7.6,1.8,75,92
103,41,156,103.9,3004,184,5,0,6.3,1.7,30,106.2
104,47,155,85.8,1587,57,5,40,8.9,3.8,45,82.9
105,53,163,81.4,2454,129,2,0,5.7,4.4,45,82
106,29,157,85.7,1605,78,0,50,8.1,1.8,60,82.3
107,34,153,55.2,3224,179,1,20,6.6,3.7,90,60.8
108,46,182,60.6,1677,178,4,75,7.4,1.1,75,58.2
109,45,193,54.2,3316,63,1,50,7.2,1.2,60,57.7
110,55,185,88.6,3060,180,4,75,6.8,2.5,120,92.4
111,53,163,72.5,2435,150,5,75,6.3,3.6,60,72.2
112,34,173,102.4,3442,62,1,20,4.9,1.3,120,108.9
113,26,185,51.4,2850,76,6,50,8.4,4.3,75,54.1
114,21,168,82.2,2940,71,3,30,7.5,1.8,30,82.8
115,53,173,54.5,2641,102,6,90,8.9,3.9,90,55.5
116,53,151,82.7,2595,52,2,45,7.7,2.1,60,83.1
117,29,159,80.3,3141,62,2,0,4.9,2.9,75,83.2
118,39,160,69.1,2828,190,1,0,5.2,3.6,30,70.6
119,35,178,85.7,3489,158,6,45,5.5,2.8,60,89.1
120,36,193,86.7,3493,179,4,0,5.5,4.4,30,87.9
121,37,163,91.7,2546,119,5,20,4.5,3.6,45,91.2
122,52,195,61.1,2950,63,6,0,6.5,2.6,30,62.9
123,54,177,80.7,3210,119,1,60,4.6,2.1,90,84.7
124,41,155,72.9,1933,107,6,60,6.9,2.4,60,71.4
125,32,171,92.4,1812,175,1,90,6.8,4.2,60,90.6
126,27,165,53.9,2548,95,2,30,7.9,3.3,45,55.6
127,49,179,91,3338,189,5,50,5.2,1.2,75,95.2
128,35,187,51.2,3578,63,4,75,6.5,1.2,60,53.7
129,23,189,81.9,3074,163,0,75,8.6,3,45,84
130,48,182,56.6,1753,160,1,50,8.9,1.3,120,53
131,33,195,73,3299,179,2,50,6.2,2,75,78
132,21,190,84.9,1769,129,1,90,7.6,2,120,82.1
133,27,171,52.6,2079,134,4,60,5.1,3.5,30,51.5
134,42,191,93.1,2023,179,1,60,6.8,1.1,60,91.5
135,31,171,102,3491,94,3,30,5.2,2,30,103.8
136,52,183,50.2,2879,78,6,30,5.2,3.9,90,52.8
137,28,178,50.5,2992,105,7,45,7.9,3.7,45,52.1
138,37,180,99.5,2294,139,7,75,8,3.7,90,98.4
139,28,162,93.7,2066,109,0,75,8.4,2.9,30,94
140,51,157,64.2,2156,114,7,90,5.2,2.5,45,63.3
141,40,151,71.6,3123,173,5,40,6.2,1.3,45,72.5
142,24,195,85,2098,80,0,45,8.6,2.7,45,85.2
143,48,178,83.1,1824,49,4,40,8.3,2.9,120,79.4
144,45,157,92.2,2473,122,1,0,5.6,3.2,90,92.9
145,25,181,82,1567,176,3,30,5.8,1,60,78.7
146,44,161,85.9,1850,179,5,20,8.8,2.9,90,84.4
147,42,180,50.5,3084,140,4,0,6.1,1.2,45,53
148,24,187,89.9,2861,79,0,50,7,3.8,45,92.2
149,47,194,75.3,2246,79,1,75,4.7,1.7,45,75.5
150,38,169,77.4,3439,109,0,40,5.8,4,30,80.3
151,39,167,55.1,3007,156,6,75,8.5,2.4,45,56.6
152,49,173,100.7,2592,66,6,20,6.4,4.5,45,101.4
153,38,156,52.6,2710,123,7,60,5.2,2.6,75,52
154,40,189,104.9,2624,59,1,60,6.1,3.8,120,105.6
155,19,159,96.4,3294,53,2,20,5.6,3.3,60,99.2
156,54,152,82.5,3342,139,5,75,7.9,3,90,87
157,38,191,63.9,1964,51,2,75,6.8,4.2,30,62.6
158,34,195,73.4,2669,170,3,20,5.1,1.3,45,75.1
159,46,155,94.2,2809,133,1,90,6.9,4.1,45,96.1
160,29,173,77,1997,96,2,40,8.1,1.1,90,75.5
161,47,185,55.4,1853,61,4,60,9,3.5,90,52.4
162,44,186,52.2,2798,63,7,75,7.6,2.2,90,53.2
163,29,158,72.7,1726,76,2,45,5.2,2.1,120,66.8
164,51,168,96.2,2526,95,4,30,7.3,3.2,30,96.6
165,28,187,101.7,2131,88,5,0,8.2,1.1,30,102.4
166,54,166,85.1,3206,52,7,90,5.8,4.3,75,86.3
167,43,169,73.9,1745,85,7,60,6.7,1.7,90,68.5
168,38,172,103.6,2035,139,1,50,5.6,1.4,75,101.6
169,24,153,64.5,3073,152,3,30,8.2,4.3,120,70.2
170,28,181,104.8,3412,172,4,75,4.6,4.3,90,109.6
171,33,163,81.3,1699,57,4,75,7.2,3.9,120,75.5
172,52,150,96.3,3265,79,4,50,7.9,2.3,75,99.1
173,53,162,68.7,2682,63,6,90,6.5,2.9,90,68.9
174,25,158,103.6,3113,140,5,90,8.7,3.6,45,105.7
175,43,182,50.3,1659,80,5,75,6.8,1.5,90,44.6
176,38,160,70.4,2725,131,7,45,6.6,1.1,60,71.5
177,44,187,65.5,1609,166,4,40,7.7,3,45,63.8
178,42,159,94.8,2492,53,1,40,4.6,2.1,45,94.6
179,31,176,76.6,3431,60,2,90,5.4,2.1,120,82.8
180,42,170,102.5,3382,181,5,90,6.1,3.7,120,109
181,34,189,75.6,2509,116,4,40,8.7,4.4,60,77
182,49,170,75.3,2620,118,1,90,6.2,4.4,60,77.3
183,27,168,50.4,1823,133,7,45,7.9,1.7,90,46.8
184,53,194,63.5,1947,106,3,0,7.5,2.9,120,60.8
185,24,176,66.8,3434,70,2,0,8.8,4.4,45,69.9
186,48,180,85.1,2676,127,4,0,8.6,1.3,90,87.1
187,20,161,71.8,2220,54,6,75,5.3,3.6,60,70.9
188,18,169,80.4,1939,130,4,75,9,2.9,75,79.5
189,26,182,74.7,2289,73,5,30,7.8,3.3,120,73.4
190,39,168,80.4,2291,89,6,60,6.8,1.3,120,77.6
191,26,180,66.4,2516,46,4,60,5.6,3.6,60,65.8
192,54,150,62.9,2972,105,0,20,6.6,1.6,120,67.5
193,37,194,54.7,2708,139,3,40,8.8,2.7,75,57.4
194,41,176,88,3428,182,3,40,7.6,3.1,30,90.2
195,51,195,68.6,1959,60,3,90,5.2,2.1,90,65
196,31,195,81.2,1872,175,7,0,6.5,2.8,75,79.9
197,53,179,86.3,2762,50,6,45,8.2,3.6,90,87
198,45,172,87.9,1746,62,7,0,5.8,1.6,45,86.7
199,44,173,104.6,3066,159,6,60,4.9,4.4,90,106.6
200,40,157,58.2,3109,180,2,40,8.3,3.6,60,61.5
201,52,177,78.3,2440,108,7,50,5.2,1.7,120,77.7
202,20,192,71.9,1564,106,3,20,5,1.1,90,67.7
203,21,165,90.2,3147,157,3,90,5.5,4,30,90.7
204,36,164,94.5,2806,127,3,45,8.4,4.4,90,96.9
205,37,167,51.5,2217,154,7,0,8.9,4.3,120,52.1
206,51,170,87.7,3172,83,4,60,5.3,2.9,45,90.1
207,37,195,56.2,3396,59,6,60,7,1.5,45,57.7
208,39,191,52.5,3342,139,1,90,7.8,1.7,60,56
209,20,154,58.7,2388,167,3,50,5.9,4.2,45,59.9
210,25,180,100.1,2337,146,3,90,5.9,2,75,99.6
211,40,169,62.9,3600,172,7,20,8.1,3.5,60,68.7
212,41,170,71.6,2406,82,0,45,7,3,120,72.1
213,27,162,66.8,3055,190,3,75,7,4.3,60,69
214,49,191,90.2,3387,88,5,30,5.1,2.9,45,93.5
215,52,191,102.6,1638,64,0,0,6.4,3.9,45,99.9
216,27,150,60.5,3367,140,0,75,7.5,1.1,90,66.6
217,18,151,78.2,2625,182,4,0,6.8,3.4,75,80.8
218,29,156,100.3,2109,106,3,90,5.6,2.2,75,97.5
219,43,179,80.2,2425,121,1,0,4.9,2.3,90,80.4
220,18,194,57.8,3547,156,5,20,8.5,4.2,45,60.8
221,54,180,63.5,1804,116,0,30,8.7,2.1,45,62.7
222,43,154,65.1,2484,190,6,90,6,3.6,45,65.6
223,23,182,90.5,2916,58,1,60,5.5,1.3,90,93.4
224,43,170,49.7,2619,160,7,40,6.1,4.3,75,49.9
225,55,192,69.7,2709,108,1,20,5.7,2.3,120,71.4
226,42,170,68.6,1874,46,4,75,6.1,1.9,45,65.7
227,45,178,79.7,3598,149,1,0,4.9,2.9,90,86.6
228,38,174,48.7,3194,144,1,90,8.6,4.4,90,54.1
229,42,160,55.9,2733,113,7,30,4.8,2.5,75,56.4
230,22,173,62.3,2510,171,3,75,5,2.1,75,62.2
231,42,171,73.1,3263,79,4,50,7.2,3.4,75,76.4
232,43,170,64.6,3511,107,5,60,5.8,3.8,60,67.3
233,54,162,81.8,2236,185,0,75,8.7,1.7,60,83
234,22,176,86.4,2070,122,3,45,7.5,3.5,75,84.4
235,48,187,70.8,3575,152,0,50,7.7,3.8,90,78.5
236,23,156,91.8,2954,87,0,60,8.9,2.2,75,94.2
237,24,166,60.7,2405,159,5,60,6.6,3.4,120,60.6
238,40,151,75.5,2710,151,1,20,8.2,3.6,60,77.1
239,47,163,77.7,2926,166,1,75,7.7,2.6,30,78.5
240,25,151,96.4,1947,87,3,90,5.3,1.6,90,92.9
241,47,164,93.5,2255,92,6,60,4.6,3.1,45,92.4
242,45,174,48.3,2379,97,4,20,7.1,3.8,90,47.9
243,38,162,74.1,2574,170,5,60,7.3,3.1,60,74.5
244,47,189,57.8,2718,66,2,50,5,2.1,45,58.1
245,27,182,70.1,2064,143,6,30,6.7,2.9,120,69
246,29,185,57.5,2683,80,2,50,8.3,3.2,60,59.8
247,49,158,59.1,3072,188,7,60,7.6,2.5,75,61.9
248,23,186,49.8,2403,119,0,45,5.5,2,75,50.2
249,49,185,77.1,1967,113,5,90,8.2,1.1,120,73.1
250,31,177,53.8,2513,121,0,75,5.7,4,30,54.1
251,25,165,60,2936,154,2,30,8,3.8,30,61.5
252,52,167,82,2189,127,4,45,7.1,4.3,90,82.3
253,24,158,102.9,3185,60,4,30,7.7,1.5,45,105.4
254,33,193,70.4,2082,113,6,60,6.5,3.2,30,69.4
255,35,194,101.4,3011,161,7,50,7.1,4,120,104.7
256,47,190,85.9,2967,61,6,40,8.9,3.9,75,88
257,36,171,79.2,2034,189,7,50,8.5,3.7,30,77.9
258,47,151,55.1,2147,157,7,0,9,2.5,120,56.3
259,37,160,97.8,2622,68,5,45,4.9,3.3,120,97.4
260,43,190,65.4,2459,154,1,20,4.5,2.7,45,65.9
261,51,193,73.4,1533,132,1,60,7.6,2.7,45,71.3
262,24,156,65.9,2725,80,6,30,7.4,3.4,30,66.6
263,18,189,85.1,3302,134,3,30,8.6,3.2,75,90.7
264,23,156,56,2004,143,5,60,5.9,1.5,60,54.5
265,33,185,82.3,2667,51,4,40,6.8,2.8,120,83.5
266,21,165,76.2,1961,106,7,20,6.9,4.4,60,75.8
267,26,174,97.1,3223,138,2,75,8.8,3.7,30,99.1
268,18,166,60.3,1747,146,4,90,8,2.5,75,56.4
269,52,184,83.1,2636,66,4,20,6.8,1.7,45,83.8
270,43,187,84.2,1770,124,6,40,4.8,1.3,75,79.9
271,21,169,86,2219,75,0,30,7.7,1.6,60,85.8
272,34,160,69.2,2600,75,0,50,8.1,2,30,69.2
273,54,190,52.4,3364,175,5,0,6.7,3,60,55.7
274,24,186,86.4,1972,103,0,0,8.4,1,30,85.8
275,42,159,58.2,1644,186,6,40,5.9,2.5,120,52.6
276,22,186,69.3,3556,58,2,40,8.1,4.4,75,73.8
277,47,168,92.1,2772,128,1,90,6.6,2.3,60,93.8
278,37,189,61.8,3008,171,3,90,7.9,1.9,30,63.9
279,19,164,78.9,1539,130,0,60,8.3,3.5,30,77.2
280,33,176,76,1745,81,4,20,4.7,1.8,90,71.9
281,41,179,103.5,1847,69,2,60,4.8,3,75,100.9
282,26,165,64.6,2790,145,5,50,6.5,1.8,45,64.7
283,55,156,56.9,2173,160,7,50,6.3,2.9,45,56
284,47,166,96.6,1870,85,4,0,5.5,4,45,94.5
285,33,172,70.6,1700,121,4,30,4.6,2.4,75,67.4
286,53,165,53.4,1917,80,1,0,4.8,3.7,45,51.3
287,43,173,87.1,1844,111,1,0,9,1.7,120,84.6
288,26,155,99.6,2858,76,0,75,4.7,4.2,75,102.3
289,43,181,49.7,3247,89,5,40,8.6,2,75,54.4
290,20,189,83.3,2506,120,7,60,8.5,2.7,30,82.9
291,26,176,59.4,2520,184,0,60,8,2.3,90,62.1
292,40,186,76.6,3090,114,2,0,5.9,1.8,60,78.3
293,48,183,68.4,2453,85,1,40,7.5,1.9,120,68.4
294,32,186,96.3,3090,135,2,30,5.6,2.1,120,101.9
295,55,151,88.1,2940,190,2,40,8.3,3.8,75,91.7
296,29,181,50.2,1730,104,3,0,6.9,1,90,46.5
297,26,171,88.9,2825,60,0,30,7.1,4.2,30,90.7
298,41,154,69.3,3120,70,5,45,6,4.4,120,74.6
299,49,191,66.1,2961,102,2,60,5.9,3.4,45,66.9
300,18,194,102.1,3103,190,0,30,7.2,4.2,90,106.6
301,54,156,101.4,2076,129,1,40,6.1,2.1,120,100.5
302,23,195,86.2,2875,159,0,45,5.4,3.4,60,87.8
303,24,150,50.7,3294,152,2,60,6.7,2.3,90,55.6
304,48,186,85.1,2423,86,7,20,8.1,1.1,30,84.7
305,24,154,67.5,3037,86,1,90,8.7,4.4,60,70.5
306,48,195,49.8,2175,156,2,0,5,1.7,45,49.2
307,53,184,63.1,2653,121,3,20,4.7,3,75,63.4
308,41,150,72.4,2706,167,3,20,4.6,1.6,60,74.6
309,48,157,65.6,3128,165,7,45,4.9,2.9,45,66.9
310,42,173,58.6,1682,112,7,75,5.7,3.9,90,52.5
311,24,155,86.1,3195,103,0,60,8.2,2.5,90,91.6
312,48,186,98.3,3450,121,1,60,8.6,3.5,90,105
313,51,186,86.6,2103,75,7,30,8.8,1.6,45,86.5
314,26,152,72.1,3283,96,2,45,5.9,3.5,30,72.8
315,53,175,79.5,2631,178,7,0,8,3.2,90,82.8
316,25,176,56.5,1910,72,1,45,8.4,4.1,75,54.5
317,49,186,82.7,1653,89,4,60,5.1,3.1,120,76.2
318,43,171,87.4,1701,166,4,50,4.6,3.9,60,84.4
319,49,194,87,2433,79,4,75,8,2.1,120,86.6
320,23,162,73.2,3167,169,5,0,6.8,1.6,60,76.9
321,43,158,92.5,1618,89,3,40,8.3,1.9,75,88.4
322,41,195,59.3,3008,163,6,20,7.6,1.8,75,62.7
323,29,180,81.5,2932,133,2,45,7.9,3.4,60,82.9
324,21,160,96.7,2377,101,3,40,5.7,2.4,30,97.4
325,18,180,100,2209,47,3,45,7.2,4.3,120,99.6
326,35,177,99,2928,162,4,40,6.6,3.4,90,102
327,24,150,77.2,3032,188,4,45,7.6,2.7,60,81
328,38,167,62.9,2723,93,2,90,7.9,4.1,90,64.7
329,38,193,56,1604,172,4,45,8.6,2.4,120,50.6
330,54,162,67.6,2410,181,7,50,6.8,4,120,68.4
331,29,168,53.6,2024,111,2,50,7.4,1.8,45,53.3
332,37,176,92.9,2857,140,4,45,6.6,1.4,30,94.5
333,55,187,101.8,1791,165,3,90,5,3.4,90,97.8
334,21,159,55.8,2320,132,6,75,5.1,4,45,55.7
335,49,171,84,2224,125,0,0,6.5,1.7,45,84
336,28,181,92.8,1860,78,6,60,6.3,4.4,75,88.7
337,52,162,89.6,1557,127,3,0,7.5,3.2,45,87.3
338,40,169,55.3,3071,173,4,30,4.8,1.2,60,57.5
339,51,188,77.9,3276,79,5,75,6.1,1.7,75,79.7
340,32,158,60,1589,174,2,20,6.1,3.3,30,58.6
341,34,184,83.5,1696,72,0,0,7.6,2.5,75,80.1
342,34,180,88,2341,47,4,60,7.5,3.3,60,87.8
343,26,176,95.3,1929,175,1,45,5,1.4,45,94.4
344,34,183,103.5,2966,149,4,30,4.7,2.7,45,105.4
345,48,171,61.4,1552,67,1,75,5.2,1.3,90,55.5
346,24,166,84.7,3370,120,4,75,4.7,3.8,30,87
347,41,193,65.8,1974,69,0,0,8.3,3.3,45,64.7
348,46,189,63.3,1880,140,5,30,5,2.4,75,60.3
349,42,194,96.5,3227,87,1,30,7.6,1.2,45,98
350,55,180,93.7,3294,91,6,50,7.3,4,120,100.5
351,26,180,100.5,1962,150,7,0,4.8,3.3,30,100.4
352,51,186,89.3,2417,131,1,60,7.5,1.9,60,90.2
353,42,159,95.8,1723,47,2,90,8.3,4,45,93.2
354,49,170,61.7,2639,57,3,90,7.4,2.4,45,61.1
355,46,186,73.5,3541,159,5,20,8.9,3.6,30,75.1
356,44,152,79.8,1500,68,4,90,7,3.3,75,76.2
357,41,153,94.5,3361,129,7,50,7.7,1.4,120,100.2
358,39,172,95.3,2695,185,5,20,4.7,1.6,45,96.8
359,44,156,62.5,2302,93,1,60,5.5,3.9,45,62.8
360,24,176,50.7,2004,160,7,90,5.1,2.7,90,47.4
361,53,177,95.8,3478,175,2,30,7.8,1.4,75,101.7
362,38,182,98.2,3214,108,4,60,8.8,4.4,75,102.8
363,26,176,82.3,3598,121,5,90,7.3,1.7,90,88.3
364,40,193,55.6,2228,173,5,20,7.9,3,90,55.9
365,44,193,90.6,2671,153,0,90,5,2.3,30,91.6
366,30,167,90.8,2159,118,4,30,8.3,3.4,60,89.8
367,52,152,68.4,3353,71,3,90,6.2,2.8,120,73.6
368,21,174,70.1,2780,186,0,0,7.8,1.7,75,73.6
369,41,187,79.2,2304,94,4,75,5.3,3.4,45,79.6
370,50,157,69.5,3255,116,4,30,5.2,4,30,70.7
371,27,152,56.8,2821,58,4,75,8.1,2.9,30,58
372,38,183,60.5,2253,178,1,90,5.2,2.9,75,59.3
373,32,163,85.8,2856,137,4,40,8.8,3.2,75,89.6
374,18,157,86.1,3325,106,3,0,7.6,2.1,30,87.7
375,52,168,49.4,3035,176,7,75,4.7,4.1,45,50.1
376,23,156,57.5,1530,61,3,40,8.4,2.5,30,55.4
377,45,191,94.6,1795,84,0,75,7.7,1.1,30,92.7
378,34,185,52,2432,111,6,60,6.5,2.4,60,50.6
379,25,184,48.3,1759,56,1,50,8.7,1.4,120,44.1
380,23,168,91.6,3292,142,6,0,6.6,2.9,45,94.9
381,52,168,102.7,2090,121,5,0,7,2.9,30,101.4
382,54,188,70.5,1848,123,3,50,5.5,4.2,90,66.8
383,29,164,83.2,2535,94,1,30,7.5,3,30,84.4
384,53,179,84.7,1799,119,1,45,4.9,3.5,75,83.1
385,40,158,86.3,2460,70,4,20,8.6,2.1,75,86.6
386,37,194,81.3,2992,125,6,30,4.5,1.9,45,83
387,45,167,95.9,2050,129,7,75,6.5,3.7,75,93.6
388,29,191,82.6,2649,80,3,45,7.8,3.2,120,83.7
389,19,182,84,3159,99,0,90,5.7,4.1,90,88.3
390,27,173,70.4,2691,79,7,90,6.8,2.4,90,69
391,33,189,87,2074,159,2,30,7,3,45,87.1
392,48,172,50.3,3497,104,1,45,6.2,1.1,45,53.2
393,41,174,74.8,3362,56,0,50,5,4.4,120,82.1
394,34,187,79,2212,141,6,50,7.1,4.1,30,78.8
395,42,164,77.4,2945,133,7,75,8.5,1,45,78.3
396,32,154,77.3,2650,99,2,30,5.2,3.1,30,78.1
397,44,171,89.1,3472,167,7,40,7.2,3.3,75,92.9
398,20,158,80.7,2159,79,0,30,4.8,1.9,45,80
399,43,188,103.2,1576,117,1,40,6.5,4.5,75,99.4
400,44,188,56.1,2244,175,4,30,7.8,2.2,75,56.4
401,22,164,69.6,2041,72,0,40,6.9,4.2,120,67.5
402,27,188,53.5,3449,54,1,20,6.7,1.5,90,59.2
403,18,193,85,3223,139,0,90,6.4,4.3,75,90
404,42,172,81.6,1900,153,2,45,6.6,1.8,30,80.4
405,52,176,62.7,1522,46,1,90,4.5,3.3,120,56.3
406,44,173,54.1,3245,109,4,90,6.4,2.3,60,57.6
407,43,163,71.6,3476,90,5,90,7,1.9,60,74.8
408,43,158,96.7,1987,103,7,30,5,2.8,60,95.5
409,21,160,70.2,1521,68,2,75,8.7,2.5,30,68.2
410,41,155,82.7,3074,147,4,0,8.8,3.9,120,89.4
411,18,162,96.5,2671,94,0,90,6.8,1.8,45,97.8
412,41,165,85.3,2144,67,4,60,6.1,2.4,90,82.6
413,18,195,51.9,1869,185,4,90,8.6,2.2,60,49.6
414,30,179,101,1519,111,2,60,6.8,3,90,96.1
415,25,182,102.5,2524,158,6,75,8,3.7,75,103.3
416,55,151,75.5,2556,62,6,40,7.5,1.8,60,75.6
417,40,183,78.5,2578,108,4,20,6.3,3.6,60,78.4
418,29,180,65.9,2395,113,2,40,6.7,1.7,120,65.7
419,34,163,61.1,2522,136,2,20,5,1.3,120,62.1
420,18,184,102.6,3475,140,5,75,8.5,4.1,90,109.1
421,49,161,104.1,3593,116,6,40,7.9,1.4,90,111
422,48,184,49.9,2922,145,2,75,8.9,3.4,75,52.6
423,18,150,86.4,3054,70,5,50,7.3,1.9,90,88.9
424,35,180,102.6,2905,138,2,75,6.4,2.5,60,104.2
425,43,167,73.7,2037,103,1,45,8.1,2.9,75,72.1
426,27,180,93.9,2223,152,7,30,9,4,90,93.9
427,38,181,65.1,1695,146,1,30,4.8,3.8,75,63
428,24,178,90.4,2564,137,5,90,7,3.8,60,89.5
429,25,172,97.4,2314,182,2,45,6.1,3.4,75,98.2
430,46,155,69.7,2673,163,2,30,7.4,4.2,75,72.1
431,54,175,96.4,1792,65,2,50,5.5,2.1,60,94.4
432,43,167,98.6,2987,178,7,60,5.3,4,45,100.4
433,34,194,90.7,2362,87,6,20,4.9,4.3,75,90.4
434,19,175,77.9,1840,71,4,30,4.9,4.3,75,74.7
435,33,168,73.3,2017,78,2,0,4.7,2.2,60,72.6
436,47,184,101.3,3322,79,2,75,7.3,3.2,90,106.1
437,52,169,99.8,3472,183,3,20,6.5,2.3,60,103.3
438,18,150,77.8,2058,133,4,75,6.9,3.4,75,77.1
439,48,169,48.5,3263,119,3,0,7,1.7,90,53.6
440,33,160,88.8,3096,141,3,45,4.9,3.2,90,92.9
441,35,168,85,2601,150,3,20,5.3,2,120,86.6
442,46,167,87.9,3515,93,5,0,5.2,4.4,30,89.3
443,24,168,63.3,3295,47,3,20,5.2,2.7,60,66
444,49,173,74.4,1629,129,1,30,4.8,3.7,30,73.3
445,29,162,99.1,2524,142,0,20,8.9,3.5,75,101.5
446,46,165,90,1637,95,7,20,6.8,4.4,75,86.6
447,37,170,57,1672,185,1,45,6.7,2,60,55.9
448,31,157,61.5,3278,128,0,30,8.1,3,75,66.9
449,18,152,81.1,3446,84,5,20,5.6,2.7,120,88.4
450,21,153,68.3,2130,182,1,30,6.7,2.1,90,68.4
451,40,178,89.8,1587,141,5,30,5.6,1.1,120,83.8
452,36,184,87.7,2277,190,2,90,6.1,3.6,60,88.4
453,53,160,51.9,2134,160,4,45,6.9,2.6,120,50.5
454,29,151,83.3,2991,106,5,20,7.5,2.9,75,85.6
455,49,185,56.8,2659,127,6,50,5,2.8,30,56
456,26,161,97.8,2327,72,7,40,4.9,3,75,96.9
457,51,189,88,2548,57,5,40,7.2,1.2,45,88.5
458,23,179,93.7,1748,137,6,50,8.1,1.2,90,89.7
459,20,154,95.6,1819,100,1,20,7.8,2.9,45,93.8
460,33,186,83.6,2232,187,6,20,7.9,3,120,83.7
461,45,156,57.5,2238,185,6,90,6,1.6,90,55.5
462,40,170,79.4,2829,140,6,60,8.2,2.1,45,80.6
463,31,174,91.6,2540,137,7,75,8.8,1,30,92.6
464,19,183,55.7,2736,46,4,40,5.5,2.1,120,57.8
465,53,182,79.7,2133,69,0,75,6.1,1.5,60,79.6
466,33,164,62.6,2730,68,6,40,7.8,3.5,75,63.2
467,54,156,81.9,2730,54,6,20,8,4.2,60,82.9
468,45,176,101,1993,103,0,60,4.7,2.8,60,99.7
469,27,170,76.6,2404,84,0,60,8.9,3.6,90,77.7
470,32,177,64.5,3115,82,2,50,4.9,3,30,65.8
471,34,155,70.7,3279,78,2,75,7,2.7,120,76.9
472,53,189,104.8,2508,107,1,45,8,2.1,90,105.2
473,44,177,68.8,2280,127,5,0,8,1.6,60,69.3
474,46,189,56.3,1683,104,3,50,5.2,3.5,30,54.1
475,21,165,102.1,2104,118,0,50,7.6,1.4,75,101.4
476,39,163,90.2,2367,97,4,90,6.7,3.6,45,90.2
477,19,174,81.2,1678,110,2,0,5.8,3.8,90,77.3
478,47,191,101.9,1772,144,4,50,8.4,1.1,120,97.9
479,42,182,103.7,1907,125,7,90,4.9,1.7,75,99.9
480,19,152,62.1,2748,130,7,60,7.8,1.1,120,63.5
481,37,165,104.8,3553,115,0,45,8.5,4.1,30,108.3
482,35,164,56.6,3109,80,1,60,6.8,3.4,120,62.3
483,44,165,80.7,3246,124,5,75,6.9,1.7,45,82.7
484,30,158,65.6,2053,155,2,30,5.9,3,120,63
485,38,159,89.4,2805,150,6,45,6.5,4.3,120,93.1
486,35,159,92.4,1937,78,2,0,7.9,3.1,60,91.5
487,32,188,61.2,1606,136,1,75,5.1,4,75,58.4
488,41,161,96.6,3512,166,2,30,5.4,1.1,30,99.5
489,44,164,90.3,2330,97,1,30,8.7,4.4,90,91
490,38,179,98.6,3251,148,0,60,7.7,2.4,120,106.2
491,52,183,84.6,1657,178,1,75,6.6,4.1,45,83.2
492,43,152,79.8,1701,93,4,75,6.3,2.1,60,76.8
493,45,168,82.9,1723,177,2,75,8.2,2.6,120,79.4
494,29,187,101.5,2054,145,6,50,6.5,1.6,90,100.2
495,30,179,53.1,2827,86,1,20,5,2.6,60,53.6
496,42,182,82.9,2154,141,6,0,8,4.2,90,83.7
497,27,160,97.5,2232,58,6,45,5.9,3.7,75,95.6
498,29,157,99.2,2330,45,4,0,6.6,4,90,99.7
499,49,165,60.4,3448,161,6,75,4.9,3.1,45,63.5
500,35,189,83.8,2350,57,2,30,4.7,2.2,45,84.2
501,54,188,65,1859,57,1,60,9,1.6,60,63.7
502,54,185,58.1,3365,137,0,20,8,2.1,75,63.9
503,45,185,51.7,3428,79,1,45,6,2.4,45,54.8
504,21,156,80.6,1859,168,4,60,7.2,2.1,90,78.2
505,40,158,83,3533,178,7,75,8.1,4.1,45,86.4
506,30,150,54.7,3404,75,3,60,6.4,2.2,90,60.3
507,31,150,84.5,2653,110,1,45,5.9,2.9,30,84.2
508,39,171,70.6,1619,89,3,50,8.3,4.2,75,68.5
509,20,191,55.7,2136,162,5,75,8,2.4,120,52.8
510,51,169,80.2,2792,187,0,40,7.1,2.2,60,81.4
511,27,167,95.9,2889,141,2,60,5.3,1.4,60,98
512,38,195,49.8,3195,67,7,40,6.2,3.9,60,51.5
513,37,161,54.4,1653,96,1,75,6.8,3.8,90,50.1
514,39,180,89.7,2771,128,2,20,8.2,4.3,120,94.8
515,31,152,74.2,1974,46,4,0,7.6,3.1,30,73.3
516,20,156,77.7,2779,50,4,40,5.9,1.7,60,78.6
517,46,192,54.7,2111,85,4,20,4.6,3.2,90,51.9
518,52,172,79.3,2610,81,4,40,5.3,2.1,60,79.7
519,21,158,49.7,1706,72,6,0,4.9,2.4,120,44.8
520,55,190,95.7,3326,136,4,50,8.2,3.5,120,103.6
521,23,179,80.4,1880,164,1,75,5.9,3.3,75,78.5
522,32,159,97.1,2556,138,6,30,7.6,3.3,60,97.9
523,19,154,75.1,2939,167,7,30,5.8,2.2,90,77.1
524,24,175,94.6,1938,128,1,45,6.9,2.4,75,92.5
525,33,185,57.1,3475,143,1,50,5.4,3.4,75,62.7
526,45,186,92.9,2467,89,1,75,5,3.1,60,93.1
527,46,161,65.6,3162,62,1,60,6,3.3,30,66.1
528,26,187,99.5,1500,82,2,75,6.9,2.4,90,94.6
529,31,193,98,2727,190,4,60,7.7,4.2,30,99.1
530,50,175,96.3,2704,60,5,90,8.9,1,90,97.7
531,40,157,97.1,1627,105,6,60,7.3,3.5,75,93.1
532,52,163,85.8,3445,80,3,90,6.2,4.2,75,89.2
533,26,158,48.7,1564,81,7,60,8.9,1.5,45,46.5
534,44,179,98.9,3243,91,7,90,6.4,3.9,75,100.9
535,29,177,82.5,3540,105,4,60,8.7,3,30,85.7
536,54,180,88.2,1963,168,1,30,7.8,2.8,60,87.4
537,23,183,98.7,1862,107,7,20,7.6,2.9,90,95.8
538,21,171,78.5,1544,165,7,90,8.6,3,60,74.9
539,36,168,57.5,2745,189,4,0,7.3,3,90,59.6
540,36,189,49.6,3485,66,2,90,4.8,3.7,60,52.1
541,35,167,96.9,1558,73,2,30,7.5,2.3,45,94.3
542,33,181,58.3,1635,132,1,30,7.2,3.9,75,56.2
543,44,174,61.6,3302,87,3,50,4.7,1.9,30,61.9
544,47,175,75.1,3450,181,3,60,7.6,2.4,60,78.4
545,45,150,64.5,3338,142,5,90,7.6,1.1,90,69.1
546,45,189,100.3,2616,130,4,45,8.1,1.9,90,101.6
547,33,193,81.6,2298,178,5,30,5.9,1,30,82.1
548,18,176,53.6,1925,159,5,40,7.8,1.9,30,51.8
549,23,153,101.5,2388,76,1,20,8.4,1.5,120,102.9
550,54,161,99.1,2254,109,4,75,7.5,1.3,75,99.1
551,35,177,87.5,2824,110,2,20,5.7,1.2,75,89
552,21,166,102.5,2584,90,7,20,6.7,4.3,90,103.3
553,49,156,56.2,3266,100,1,75,7.7,1.4,30,56.9
554,34,178,49.1,3538,83,0,0,7.5,1.9,120,57.1
555,43,186,48.2,3509,167,6,60,8.3,3.7,30,50.4
556,18,174,102.4,3474,76,5,50,7.6,2.4,120,110.4
557,23,173,78.5,2892,65,7,45,7.4,1.6,30,80.1
558,30,169,87.7,1937,136,7,20,8.5,2.5,45,86.1
559,30,151,89,2476,170,6,20,8.1,3.3,75,90.3
560,46,151,50.1,1729,131,0,60,5,3.8,120,45.9
561,52,159,90.2,2454,63,0,30,6.7,1.1,90,89.6
562,26,150,57.8,1704,123,1,75,7.3,3.9,30,57.6
563,24,157,76.3,2403,61,3,60,6,3.9,120,76.1
564,38,157,103.6,2062,127,3,0,7.2,2.2,30,102.8
565,44,160,87.7,2175,157,3,0,5.1,3.8,120,87.1
566,28,151,98.1,1830,46,0,30,8.7,3.5,90,96.7
567,44,194,94,3449,77,3,30,7.4,2.8,75,98.2
568,29,189,87.4,2237,172,1,45,6.1,1,45,86.5
569,51,156,83.3,3578,101,7,40,5.7,1.7,45,86.4
570,48,181,58.1,1676,58,5,45,5.4,1.9,90,54
571,47,152,54,1714,182,2,30,8,2.7,30,52.3
572,33,178,81.8,2835,152,3,50,5.5,1.4,45,82
573,44,162,69.4,2403,63,7,75,4.7,2.5,45,69.3
574,47,161,70.1,2058,162,3,50,8.9,1.7,45,68.6
575,54,153,64,1955,164,7,60,5.3,2.2,60,62
576,28,186,103.3,2440,67,6,90,6.7,4.5,90,102
577,47,167,48.8,3253,108,3,50,6.5,1.8,90,54.2
578,54,150,71.8,1681,55,7,90,4.7,2.9,75,67.2
579,24,178,76.2,1840,187,0,60,8.8,1.5,60,74.7
580,23,151,75.3,2748,86,7,0,8.9,2.6,45,77.6
581,43,161,93,3017,163,0,20,6.2,3.4,90,96.1
582,45,167,87.8,2348,65,5,0,6.8,4.2,60,88.8
583,25,174,68.8,1667,138,5,30,7.4,3.5,90,65.9
584,31,158,103.9,2477,183,1,75,7.8,3.6,120,105.4
585,32,170,68.1,2595,173,6,45,4.7,2.3,75,68.5
586,51,157,74.8,2697,160,5,20,5.3,4.1,30,74.6
587,29,168,102.6,1815,72,2,45,5,1.5,45,101.6
588,51,190,49.3,3206,183,2,75,6.1,2.6,120,54.4
589,30,154,49.3,2451,178,5,60,7.1,3.3,60,49.6
590,51,185,73.4,2745,190,2,45,5.3,1.9,75,74.9
591,36,153,56.5,2664,161,2,30,7.7,2,45,58.4
592,27,160,61.6,1668,126,2,75,5.7,1.6,90,58
593,38,172,56.4,3336,183,2,90,5.9,4.2,75,61.8
594,27,179,100.9,2139,46,5,45,6.6,2,90,99.2
595,54,178,67.3,1960,167,0,30,7.6,1.4,30,66.6
596,32,178,68.4,2836,59,3,90,5.5,4.3,60,68.7
597,23,184,96.4,1857,176,6,40,6.7,3.1,90,94.8
598,41,175,56.4,3251,139,6,50,4.6,2.2,60,59.8
599,53,155,60.3,3319,151,7,45,5.2,3.5,75,64.4
600,44,158,95.6,1852,81,3,45,6.6,4,60,92.8
601,55,174,53,3177,114,6,30,7,3.5,45,54.5
602,42,168,79.6,1672,122,4,75,7,2.6,30,78.9
603,27,166,65.1,3435,76,4,60,5.3,4.2,120,70.8
604,25,167,76.1,1773,137,7,60,8.4,3.2,75,74.2
605,25,173,77.2,1571,111,2,0,5.2,2.6,120,70.8
606,28,153,63.5,3218,136,0,45,5.8,3.2,30,65.2
607,29,156,82.1,2184,184,5,50,8.2,3.4,60,81.3
608,41,156,78.5,2940,81,0,30,6.8,2.3,75,81
609,28,156,60.4,3561,101,3,90,7.3,3.9,90,67.1
610,53,194,91.1,1966,151,7,20,5,1.5,30,90.2
611,37,194,68.7,3310,178,5,30,7.7,1.1,30,69.8
612,27,194,60.9,2013,98,2,20,6.4,3.7,30,59.5
613,48,177,50.4,1941,53,0,75,5,1.9,30,49
614,18,156,92.6,2341,96,2,50,4.6,1.5,120,92.5
615,55,172,68.1,3550,106,1,20,8.2,3.7,90,74.5
616,30,168,57.8,1517,70,3,90,8.3,2.7,120,51.5
617,46,193,102.6,2240,135,6,60,5.5,1.8,30,102.6
618,38,157,74.6,2056,171,5,45,7,1.1,60,73.5
619,42,168,74,2777,158,3,90,6.3,4.4,75,75
620,22,180,101.5,3005,90,0,75,7.5,2.4,90,105.7
621,23,157,56.2,3140,71,2,20,6.1,1.7,45,58.3
622,43,157,61.3,3239,172,4,45,7.9,3.8,75,65.3
623,43,181,77.2,2103,161,1,20,5.6,2.7,120,76.8
624,19,156,90.1,1779,172,0,30,6.2,3.4,45,88.5
625,24,154,85.7,3516,164,3,45,7.5,2.7,60,90.2
626,52,184,49,1629,155,1,60,6.5,4,75,46.2
627,20,161,79.7,2741,87,7,60,5.1,3.5,75,80.6
628,54,193,76,3424,166,2,90,4.8,1.9,90,82.2
629,40,168,66.3,1615,56,2,50,6.1,3.6,30,65.5
630,39,174,53.5,2913,136,6,50,4.8,1.9,45,54.7
631,55,155,99.9,1768,123,1,50,5.3,2.9,30,98.8
632,45,186,77.3,3225,113,0,75,7.1,4.5,75,81.8
633,38,186,53.6,3500,70,3,50,6.7,3.8,120,60.8
634,37,173,103.3,2326,172,1,90,5.5,1.9,60,104.3
635,43,164,83.6,1876,69,5,45,4.8,3.8,75,80.4
636,40,154,85.1,2736,174,4,60,7.5,2.1,75,86.6
637,50,179,86.3,2239,49,2,75,5.5,4.4,120,85.4
638,35,190,78.4,3276,189,0,90,5.4,2.6,45,80.3
639,37,177,71.4,1763,97,6,45,8.2,3.3,60,69.6
640,33,175,61.6,2114,94,0,40,8.1,2.1,75,61.2
641,45,177,84.9,1651,96,2,45,5.1,1.9,60,82.4
642,29,191,96.6,3490,50,0,20,5.9,2,30,99.3
643,44,173,86.3,1869,146,2,40,5,3.6,30,85.5
644,55,183,62.4,1869,105,1,50,6,3,75,60.9
645,33,177,60.4,1937,89,3,45,6.5,1.9,90,56.9
646,52,173,87.9,1962,126,6,75,7.6,4.4,45,86.3
647,41,169,49.2,1642,58,3,45,7,2.1,120,43.3
648,25,184,97.4,3312,144,0,60,8.7,4.2,60,100.7
649,33,169,60,2156,157,5,60,8.1,2,30,60.3
650,49,180,90,2862,153,1,30,7.6,2.8,60,92.1
651,53,170,73.8,1612,58,2,75,8.1,1.5,75,69.7
652,37,170,80.8,1953,85,3,90,7.7,3.7,120,78
653,44,170,73.7,2046,111,2,50,8.1,1.7,75,72.3
654,43,174,101.9,2419,50,0,90,7.4,3.2,30,103.2
655,30,166,88,2191,57,6,60,7.2,1.5,60,85.9
656,54,157,48.8,3282,161,7,20,5.5,1.7,60,51.4
657,49,174,55.4,2346,100,4,40,6.4,2.4,45,54.1
658,34,165,83.2,2517,139,7,20,4.5,1.5,60,84.4
659,43,193,60.1,3070,153,4,20,4.9,1.2,60,63.4
660,48,172,104.8,1686,46,4,90,7.3,2.1,75,101.2
661,26,185,50.3,2234,111,2,90,6.7,2.2,75,48.7
662,38,195,78.2,2080,111,1,50,4.7,1.4,60,77.4
663,45,168,99.5,2578,112,5,60,8.5,2.1,75,100.9
664,27,185,96.6,3302,58,3,30,4.7,1.6,75,99.4
665,47,177,54.6,3527,55,7,50,8.9,3,75,59.2
666,27,157,67.9,2334,117,2,30,7.9,3.9,90,69.3
667,55,163,81.3,1516,179,2,60,8.6,1.9,75,78.7
668,39,151,64.2,1999,145,5,20,8.3,1.5,30,63.6
669,48,179,83.8,2603,46,5,0,7.5,4.3,60,85.9
670,54,158,60,1699,117,5,0,7.8,2.9,90,57
671,43,166,58.1,3133,67,0,40,5.2,3.7,60,61
672,27,157,65,3270,124,2,50,7.5,3.9,90,69.6
673,46,174,75.2,3232,68,6,50,7.3,2.5,75,77.5
674,50,171,103.5,2418,84,7,90,7.3,2.8,60,102.4
675,23,180,65.1,2023,121,3,90,6.4,3,90,61.9
676,20,182,54.1,3240,150,1,75,7.5,3,60,57.3
677,55,155,91.8,1566,74,7,30,8,4,30,89.5
678,37,170,81.5,3363,160,4,50,8.9,4,45,83.9
679,23,188,62.8,1935,156,0,0,6.3,1,120,60.4
680,43,192,103.1,3493,122,5,60,8.1,1.3,45,104.8
681,25,151,87.7,2270,51,3,75,7.4,3.3,75,87.6
682,52,162,52.9,3398,82,7,60,4.6,1.6,45,55.2
683,46,181,74.9,3341,107,3,45,7.1,3.9,30,76.4
684,24,190,96.3,3268,151,7,90,9,1.1,75,99.4
685,55,189,101.3,3498,104,0,90,4.6,3,90,106.1
686,44,180,54.7,2920,159,6,0,5.2,3.5,75,57.1
687,32,182,60.5,2889,164,2,45,7.8,2.4,75,64.1
688,41,180,93.6,2163,98,4,20,7.5,1.5,45,92.4
689,49,156,93.2,3522,122,3,40,7,4.5,60,98.3
690,40,193,57,3562,53,1,50,6.4,3.2,30,59.2
691,49,166,104.6,2955,56,4,30,8.3,4.1,90,108.2
692,21,178,93.5,1954,72,1,90,4.7,1.4,120,88.7
693,31,173,57,2696,158,7,20,5.2,2.3,45,56.9
694,30,178,103.3,1526,107,7,50,5.8,1.6,60,99.3
695,44,173,83.9,2505,83,6,40,5.1,2.5,75,84.5
696,51,193,68.6,1621,158,2,0,7.7,2.8,30,66.7
697,38,175,104,2173,156,0,60,7.9,3.3,120,103.3
698,54,153,103.7,2711,152,6,90,8.4,3.5,60,105.4
699,18,167,99.3,2101,148,7,40,8.5,3.2,90,98.5
700,40,191,71.1,2308,122,1,0,6.9,2.4,120,71.9
701,26,183,104.5,2662,99,1,90,7,2.8,120,106
702,19,184,81.8,2488,122,6,90,5,1.2,60,80.4
703,50,172,55.1,2010,159,4,0,6.5,4.4,120,54.7
704,54,195,99,2457,134,4,45,7.5,3.9,90,100.1
705,42,183,90,1931,128,3,50,6.5,1.5,75,88.7
706,23,155,51.5,2032,166,3,75,4.9,3.4,75,49.9
707,51,175,97.7,3543,153,7,75,7.8,2.5,45,99.6
708,26,181,88.5,2029,176,1,40,6.5,1.1,45,88.8
709,41,157,82.3,3173,73,1,50,7.1,1.1,45,83.5
710,37,173,65.3,3490,52,2,30,8,2.5,60,70.2
711,31,161,94.7,3502,45,1,90,6.1,4,75,99.3
712,37,186,73.8,2883,141,7,30,7.9,2.8,75,76.8
713,46,159,97.4,2832,67,6,60,5.5,2.4,90,97.4
714,46,167,84.8,2178,51,4,90,7.4,3.3,30,83.5
715,52,186,91.2,2275,166,0,20,7.5,2.9,30,90.9
716,31,165,95.3,3319,66,5,60,7.2,2.7,30,96.4
717,29,176,49.4,2799,142,4,20,5,1.3,45,49.9
718,29,166,91.8,2131,123,6,30,4.8,4.4,45,90
719,21,169,70.2,2810,81,6,50,5.7,4.3,30,69.8
720,33,188,81.4,3519,175,6,20,5.7,2.1,90,87.4
721,48,151,71.2,2457,49,4,90,8.8,3.4,45,71.7
722,26,169,80.4,3326,66,3,30,6.2,4.4,45,83
723,45,185,73.7,1504,163,4,30,4.5,4.3,75,69.4
724,34,193,69.7,2939,99,4,0,5.2,2.9,30,70.3
725,43,194,55,2072,187,4,60,5.4,2.8,60,54.7
726,39,190,62.9,3354,114,3,50,6,2.6,90,67.4
727,26,191,100.6,3451,46,0,30,6.4,4.1,120,108.2
728,43,184,52.6,1817,182,0,75,7.5,2.2,75,51.8
729,40,174,58.1,1534,76,7,50,8.7,2.6,45,56.2
730,35,193,100.5,2965,94,1,45,8.1,1.8,75,104.5
731,20,167,76.1,2356,46,3,60,5,2,90,74.9
732,53,162,85.6,2218,61,2,20,5.1,4.3,45,85.9
733,35,162,96.3,1594,181,4,90,8.5,1,75,93.2
734,21,170,72.7,3166,115,1,90,6.6,2.3,30,75
735,32,153,63.8,3220,181,7,50,4.5,1.7,30,65.8
736,19,164,103.8,3235,64,3,40,5.2,2.1,120,109.2
737,19,180,72.6,1598,130,4,40,5,1.8,60,70.3
738,39,183,93.3,1798,157,1,75,7.1,1.3,30,93.3
739,42,170,98.7,1766,77,0,75,4.7,3.1,75,94.9
740,21,185,51,3062,147,1,60,5.5,3.1,120,56.4
741,47,174,74.5,3253,70,5,0,6.5,2.1,45,76
742,18,188,88.7,2293,77,4,50,6.4,3.5,75,87.3
743,26,152,51.4,2776,156,5,45,7.1,2.9,45,51.8
744,37,188,67.5,3010,47,2,0,5.6,3.9,90,71.5
745,45,172,59.1,2320,96,1,50,5.4,2.7,120,59.6
746,39,187,80.3,2874,121,6,50,5.2,2.6,30,80.9
747,18,190,60.7,2443,164,3,40,6.7,3.7,60,62
748,42,163,70.8,1527,137,0,20,6.1,2.9,45,68.4
749,30,190,81.4,2974,56,0,40,5.4,1.6,60,83.7
750,39,185,62,2302,50,2,45,8.6,1.1,120,60.9
751,25,171,101.4,2749,161,3,50,8.1,3.3,90,105.1
752,45,195,51.7,2091,78,3,40,6.9,3.4,60,50.9
753,33,152,91.5,2274,182,4,30,6,1.2,60,92.1
754,50,187,98.5,2357,65,7,20,5.3,2.4,120,98
755,41,181,77.6,2233,127,5,90,7.6,3.5,75,76.4
756,55,175,84.4,1649,98,3,40,6.5,1.8,45,82
757,42,186,57,3032,110,1,30,7.9,2,90,60.8
758,55,152,74.5,2877,154,7,75,6.4,2.3,75,75.3
759,42,151,58.2,2457,112,1,50,8.6,2,90,59.4
760,23,167,100.8,1903,75,1,50,4.7,1.7,45,99.6
761,34,169,90.5,2624,93,2,90,8.6,1,60,90.9
762,40,175,101.9,1548,165,2,60,5.5,3.5,45,99.8
763,51,187,92.8,3419,163,5,20,5.9,1.7,120,100.2
764,46,178,96.6,1623,140,2,30,5.9,3.6,75,94.3
765,40,171,60.9,3243,148,4,50,7.1,3,30,63.4
766,27,171,80.4,3101,142,3,60,4.8,2.4,75,82.3
767,54,178,84.4,2747,68,2,20,7.5,1.6,120,87.5
768,19,161,59.3,3080,117,3,40,5.8,2.8,75,61.3
769,51,150,57.8,3182,145,2,20,5.1,2.5,120,62.7
770,31,158,97.6,2768,155,7,30,7.2,4.3,90,99.3
771,47,167,59.5,2084,159,1,60,7.2,1.9,60,59.8
772,49,179,74.4,1660,68,4,75,6.1,3.9,60,71.1
773,29,176,62.2,3269,162,6,30,7.6,1.3,120,69.9
774,33,160,63.6,2695,62,3,75,6.4,3.7,30,65.1
775,22,156,76.8,2835,149,7,30,5.6,2.8,75,77.5
776,47,174,67.6,3135,94,6,0,4.5,1.4,45,69
777,47,181,74.3,1838,185,3,75,5.1,3.9,45,72.1
778,19,188,53.7,2704,76,6,30,4.8,3.7,120,54.4
779,46,172,58.1,1641,181,3,75,7.6,3.9,90,55
780,24,174,87.3,3318,58,0,0,8,3.7,45,89.8
781,33,162,53.2,3227,52,0,50,8.2,3.4,30,54.3
782,24,192,57.6,2184,56,6,90,5,2.1,90,54.6
783,31,184,70.5,3252,75,3,40,5,2.1,30,71.6
784,38,150,70.2,3379,101,1,45,7.4,2.3,30,72.9
785,44,169,91.8,3546,71,2,45,8.8,3.1,120,99.8
786,26,171,58,2802,168,1,50,4.6,4.2,75,59.8
787,32,182,81.5,1554,104,0,20,5.9,3.6,45,79.8
788,21,158,69.3,2714,96,2,60,5.4,1.1,120,71.2
789,46,171,55.7,2800,55,6,45,7.9,1.8,120,57.5
790,33,163,78.7,2517,101,6,90,5.9,2.5,30,77.4
791,49,154,102.4,1713,81,3,30,4.9,3.1,45,99.9
792,23,177,89.3,2775,87,3,40,6.4,3.1,60,90.1
793,46,190,59.5,3470,65,5,60,6.2,2.6,75,63.5
794,45,159,94.7,3474,50,6,60,8.3,3.7,60,98.3
795,27,185,89.4,2553,142,7,45,6.5,2.3,90,89.8
796,39,158,88.7,2301,84,3,0,4.6,2.8,120,87.5
797,43,176,101.6,3028,143,7,45,7.4,3.1,75,105.2
798,25,174,101.1,2165,94,6,45,8,3.6,60,100.3
799,49,190,87.2,1736,143,6,40,5.6,1.1,60,84.8
800,19,194,85.9,2105,111,7,30,5.6,3.1,120,84
801,18,157,91.9,3074,146,1,90,8.6,4.1,45,95
802,34,194,65.2,3067,123,6,20,5,3,60,68.1
803,35,163,101,3130,123,0,30,8.2,1,30,103.1
804,44,183,71.8,2681,155,2,30,6.2,3.5,45,72.9
805,50,157,73.7,2370,92,3,0,7.9,3.8,45,73.6
806,44,178,83.7,1947,87,1,45,4.9,1.4,30,82.4
807,55,165,75.2,1912,47,0,45,7.9,1,90,73.6
808,20,156,60,1529,141,4,75,6.6,2.2,75,55.6
809,39,170,94.6,2979,147,6,0,8.9,4.1,30,95.1
810,43,158,49.5,2003,180,4,40,6.2,3.2,120,48.1
811,50,176,85.6,1512,127,0,50,8.4,4.4,120,80.7
812,46,164,82.6,3139,65,5,60,8.7,4.3,75,86.9
813,24,174,64.8,2299,81,0,30,6.7,1.3,120,65.6
814,47,160,99.1,1973,168,3,40,5.5,3.6,120,96.9
815,24,177,104.6,1619,86,5,60,7.9,1.8,60,102
816,25,192,55.7,3515,68,5,40,8.7,3.7,90,60.8
817,39,174,99.9,3063,188,6,40,5.5,1.4,30,100.1
818,39,187,101.4,1975,139,2,50,8.8,3,30,100.6
819,55,184,58.8,3089,153,5,50,8.1,4.3,45,61
820,55,164,54.1,1537,182,7,50,5.2,4.3,45,51.7
821,47,159,82.3,2097,53,5,45,6.8,3.4,60,82
822,54,180,84,2383,171,4,60,4.8,3.8,45,84.6
823,31,164,87.9,1715,90,7,60,5.8,3.9,45,86.7
824,53,175,67.2,3439,134,6,60,4.8,3.5,60,70.7
825,30,194,96.8,3112,69,2,50,7.9,3,30,99
826,37,179,85.3,2063,158,7,45,8.5,1.7,120,82.6
827,18,173,89.4,1917,82,6,60,7.6,1.6,30,87.4
828,48,161,101.9,1980,176,5,60,8.9,3.2,75,100
829,25,165,70.6,2739,89,6,20,8,4,120,73.3
830,46,173,48.7,1977,66,1,75,7.4,4.2,45,46.8
831,54,186,75.3,1887,91,6,75,9,3.5,60,73.4
832,24,170,51.6,2257,148,0,60,7,2.9,90,51.8
833,51,187,78.7,2008,98,1,30,8.4,3.4,30,78.5
834,38,157,50.2,2344,86,1,90,5.7,3.6,30,51.2
835,50,169,68.7,2202,153,0,40,5.9,4.3,90,69.3
836,36,192,78.4,2072,170,5,90,8.6,4.5,90,76.8
837,31,194,53.6,1683,105,0,40,5.1,4,45,52.9
838,53,163,81.7,2636,77,6,20,7,1.9,120,84.2
839,43,179,52.7,2541,153,2,90,5.4,3.2,60,54.3
840,30,195,69.2,3594,86,6,30,5.9,3.8,75,73.1
841,33,154,63.4,1950,185,6,20,6,1.3,60,62.7
842,27,164,63.6,1901,141,3,60,8.8,3.7,30,62.3
843,37,187,94.8,3505,69,5,45,7,3.1,30,95.9
844,42,161,67.7,3149,167,2,45,4.5,2.8,45,70.1
845,27,174,80.4,2595,58,5,40,7.6,2.5,75,80.4
846,40,179,76.6,2629,154,3,45,7.4,1.3,60,77.5
847,38,155,84.2,1814,106,1,30,7.1,1.3,60,82.5
848,49,150,102.8,3236,175,2,75,6.7,3.4,120,110.2
849,25,175,48.8,2278,46,6,90,7.9,1.9,120,46.4
850,51,193,82.7,3337,88,3,30,4.8,3.9,90,87
851,21,177,76.2,2198,140,1,50,8.6,1.9,90,77
852,25,168,65.1,2702,112,3,0,7.8,3,45,67.3
853,50,152,101.3,3499,59,5,0,7.3,2.1,60,104.5
854,40,161,70.9,1536,70,6,75,5.4,2.9,45,67.7
855,49,150,56.9,2524,102,7,60,6.2,2.3,45,56.8
856,35,156,104.4,3299,86,2,50,7.9,1,120,110.4
857,30,168,50.3,3116,152,5,0,5.2,1.7,75,54.8
858,35,157,72,3529,77,5,60,6.8,4.2,75,75.7
859,24,151,55.2,2909,173,0,40,4.7,3.9,75,59
860,18,177,75.4,2655,169,1,60,5.6,1.5,90,76.4
861,35,157,97.3,2513,154,3,75,7.7,3.8,120,99.2
862,29,162,104.6,2109,103,1,30,6.3,2,45,104.9
863,45,151,83.1,1872,58,6,60,6.9,3.5,45,80.7
864,45,180,51.5,3249,58,4,20,5.7,2,60,54.7
865,33,170,99,2244,55,0,0,7.5,2.1,60,98.6
866,24,177,58.5,3512,138,5,45,5,3.3,120,65.8
867,26,171,68.6,2980,180,5,40,7.4,1.7,75,70.6
868,24,158,83.9,1992,55,3,40,7.7,4.2,30,84.3
869,39,169,89.3,2327,181,2,0,5.1,2.5,120,89.1
870,53,172,99,3336,75,6,20,6.7,2.8,90,104.5
871,28,188,63.6,2028,119,0,0,8.1,3.4,120,63.1
872,49,193,78.4,1807,87,7,90,6.2,3.7,75,74.5
873,31,161,48.2,2392,47,7,90,7.7,2.8,60,47.8
874,36,195,63.3,1987,88,3,0,6.9,2,120,60.2
875,35,158,63.4,1711,108,3,90,5,3.3,120,57.7
876,41,170,52.7,2581,79,6,45,6,1.2,30,53.4
877,32,167,58.1,1564,182,1,60,8.8,1.9,120,54.4
878,53,163,94.6,2403,128,4,40,7.1,3.8,75,94.2
879,32,177,69,3462,68,7,30,6.6,3.9,45,71
880,49,161,84.9,1586,124,2,30,8.2,3.4,45,82.3
881,22,177,62,3148,70,2,0,7.2,2.3,30,62.6
882,18,191,101.3,2041,108,1,45,5.1,3.2,30,101.4
883,18,156,78.9,2886,66,3,30,6.7,3,75,81.7
884,37,171,75.3,2498,59,4,90,5.1,3.9,30,75.2
885,24,182,98.5,3201,81,0,40,4.6,2.5,45,100.2
886,36,164,100.5,3075,73,7,30,9,1.8,60,102.6
887,39,157,68.5,1847,56,2,30,6.4,2.2,45,67.4
888,27,192,87.2,2675,134,1,45,8.6,3.3,60,89.6
889,22,150,97.1,2108,82,5,30,6.3,3.5,75,96.4
890,25,186,72.4,2640,82,1,50,9,1.6,75,73.8
891,49,177,75.4,3195,130,2,40,6.2,2.9,90,80
892,52,184,94.8,3075,66,6,90,7.1,3.4,120,97
893,23,165,68.6,2332,49,5,90,6.6,1.5,30,67
894,40,173,96.4,2070,120,7,30,8.3,2.9,75,94.7
895,32,153,90.6,1980,81,6,0,7.6,2.5,30,90.5
896,55,154,75.2,2147,52,2,50,5.1,1.9,30,74.7
897,44,159,91.6,3424,80,4,75,6.4,2.2,120,98.2
898,36,157,56.9,1631,89,2,0,6.3,2.5,75,53.9
899,34,186,76.6,2431,153,2,45,8.9,2.8,45,77.8
900,43,189,51.2,3106,92,1,75,6.6,3.3,75,55.2
901,28,153,93.8,3237,94,4,20,5,2.3,60,95.5
902,36,160,78.9,1767,99,0,45,5.3,1.7,30,77.2
903,23,186,80.2,3481,56,0,50,4.9,2.1,60,84.3
904,43,182,59.1,3100,136,2,20,6,4.1,90,62.5
905,27,151,81.5,3065,167,0,45,5.2,3.4,30,83.8
906,23,195,61.2,2383,81,2,90,6.8,3.6,120,60.9
907,39,178,92.8,2888,119,5,60,4.7,3.5,120,94.8
908,31,189,82.6,2124,190,7,20,8.1,1.5,60,82.3
909,23,181,53.4,2784,88,4,30,4.8,3,60,53.5
910,29,195,92,2556,166,4,75,7.4,1.5,30,93.3
911,49,152,68.7,2674,147,6,30,6.5,2.8,90,71.3
912,41,155,86.9,3572,160,4,0,7.3,3.3,120,94.9
913,53,150,56.8,1931,119,6,30,7.1,4,45,55.5
914,47,192,53.3,3408,164,7,20,4.9,3.6,75,58.4
915,30,175,66.7,2799,132,7,40,7.7,2.7,60,68
916,52,159,102.1,2096,99,5,0,8.9,3.7,30,103
917,41,177,103.8,2374,58,3,0,8.8,3.4,60,103.8
918,29,155,56.1,2621,148,1,45,8.4,2.6,75,58.1
919,34,161,95.3,1878,154,5,45,5.2,2.2,75,92.7
920,52,194,92.7,3289,135,6,0,7,4.1,45,94.7
921,55,189,56.2,2796,48,2,75,8.7,2.7,60,56.9
922,44,166,77.7,1515,160,2,75,7.4,3,30,75.8
923,30,176,87.7,2180,141,3,50,5.4,1.7,120,86.1
924,18,173,94.4,1566,122,4,90,8.2,1.4,75,90.8
925,47,176,71.4,2942,183,6,90,8.9,2.2,45,72.6
926,41,161,79.5,2166,183,6,60,5.8,3.3,120,77.2
927,36,194,83.4,1906,67,1,20,7.4,3.2,75,80.8
928,52,156,84.1,3561,53,4,60,5.5,3.7,90,89.1
929,30,180,102.2,2936,163,6,60,4.5,2.3,45,103.2
930,35,192,63.1,3198,106,0,60,4.6,1.1,60,66.5
931,51,188,66.1,2198,155,3,90,8.9,1.7,120,65.1
932,21,186,72.5,3099,89,6,50,6.8,2.5,30,74
933,26,182,54.7,3105,111,2,50,5.4,1.3,75,56.5
934,55,159,49.6,1822,142,0,30,8.9,3.2,60,47.9
935,32,169,59,2504,141,4,0,5.7,4.3,120,59.5
936,55,156,54.3,2002,72,2,45,5.7,1.6,30,53.4
937,41,163,70.3,3511,50,6,20,6.7,3.2,45,73.6
938,42,170,84.1,3346,86,2,45,4.5,1.6,90,88.8
939,20,157,103.6,2920,168,0,30,6.8,1.9,30,104.1
940,19,184,49.3,3596,84,3,50,5,1.8,60,52.3
941,23,194,101.6,2596,115,7,40,8.8,2.2,90,103.1
942,47,181,72.9,3138,94,4,30,5.4,4,120,77.3
943,43,156,81.3,2776,87,3,75,6.5,2.6,90,83.4
944,38,189,54.1,3068,154,3,50,6.2,3.2,30,55.3
945,20,182,62.4,3178,120,5,60,4.6,1.6,60,64.3
946,29,172,62,2381,140,5,30,8,1.4,60,62.7
947,39,163,74.5,2817,104,1,60,5.8,1.7,45,74.7
948,35,195,82.7,1806,152,6,50,8.2,1.7,30,82.3
949,49,152,104.4,3225,75,1,75,5.3,2.1,75,107.2
950,19,168,49,1519,163,4,30,8.3,2.4,90,46.2
951,20,171,84.8,1784,165,1,60,7.8,2,60,83.1
952,53,170,76.1,1692,145,4,75,6.7,3.2,30,75.6
953,24,151,60.8,1542,80,1,50,8.4,3.5,45,58.2
954,30,173,94.5,1520,58,4,0,5,4.3,30,92.5
955,42,167,87.8,2064,162,1,30,5.9,1.5,90,87.4
956,44,190,73.5,2001,178,3,75,7.5,4.4,60,73.2
957,48,164,53.2,2713,66,5,90,8.3,1.8,120,54.7
958,31,194,52.4,3525,60,3,0,7.5,2.6,75,57
959,24,171,59.9,2783,124,7,30,8.3,1.4,45,60.4
960,41,174,103.6,2331,147,3,20,5.8,1.6,60,104.5
961,54,191,53.8,3388,72,1,40,4.6,2.6,60,56
962,51,178,68.1,1984,185,1,50,6.4,1.5,90,66.5
963,39,153,73.2,3014,70,0,60,7.8,2.5,60,75.1
964,29,188,63.7,3521,177,6,20,7.6,3.3,30,65.4
965,21,152,80.8,2477,61,1,45,5.5,3.2,120,80.9
966,43,156,60.5,2598,171,3,30,8,2.2,60,62.3
967,36,150,53.4,3561,167,4,40,5.3,3.4,45,55.9
968,47,159,102.8,3443,154,5,0,5.3,1.9,30,104
969,18,188,68.1,3440,45,7,40,6.6,1.2,30,69.7
970,36,164,77.9,2185,82,1,20,5.9,3.6,75,77.1
971,40,184,62.7,3492,109,5,75,4.6,2.2,120,68.2
972,51,192,96.8,3483,73,4,90,7.8,1.1,75,101.7
973,27,172,76.4,2500,155,5,40,7.8,1.7,75,77.5
974,35,190,86.7,3340,179,2,45,8.6,2.2,60,90.6
975,44,167,65.6,1668,178,5,20,6.5,2.6,60,63
976,18,181,100.9,2102,164,2,90,8.9,3.2,120,99.3
977,49,168,51.7,2707,48,7,0,5.5,3.9,30,51.3
978,37,150,72.5,1502,57,4,30,6.1,2,90,67.7
979,53,159,102.4,2608,81,3,60,7.1,1.3,45,101.8
980,40,165,94.3,3082,153,6,20,8.5,4.2,90,98.5
981,54,177,86.7,2820,80,3,45,5.1,2.9,60,87.4
982,37,186,100.8,3388,184,2,60,8,3.9,30,102.2
983,46,194,65.9,2964,164,5,60,6.6,4.4,75,67.4
984,53,151,102.6,3224,67,2,45,8,3,60,104.9
985,52,186,98,1719,145,2,60,7.5,2.6,90,95
986,21,155,51.1,1938,130,1,45,7,3.4,30,49.7
987,55,193,77.1,1717,97,2,90,7.8,2.7,45,76.3
988,27,169,83.8,1526,169,3,20,4.8,1.5,30,82.3
989,33,163,53.9,1600,174,7,60,4.8,1.4,75,49.5
990,29,165,96,2566,157,1,60,5.2,1.1,45,97.2
991,33,160,77.2,2320,166,7,45,5.8,1.4,90,76.3
992,35,175,70,1939,163,6,60,5.2,2,30,69.1
993,18,187,65.3,3320,55,5,30,6.6,3.5,60,67.3
994,28,172,76.5,3561,98,5,90,6.3,1.2,120,82.2
995,54,171,74.2,2073,116,4,60,4.8,3.9,75,72
996,48,188,85.6,3576,179,4,30,7.6,3.1,90,92.4
997,43,154,50.6,2151,104,1,20,6.7,3.4,60,50.7
998,33,156,99.3,2212,143,6,20,4.8,1.9,30,99.6
999,22,178,91.5,1620,89,5,20,7.6,2.3,120,86.6
1000,30,162,62.4,3292,118,3,40,7.8,2.5,90,68.3
1001,30,155,81.2,1894,97,0,30,8.5,2.3,75,79.9
1002,22,171,58.6,3532,93,3,75,6.8,2.2,90,65
1003,22,178,72.4,3040,63,1,30,8,2,30,73.6
1004,21,188,78.8,1592,102,4,45,6.3,2.3,45,77.6
1005,22,184,80.8,3548,124,6,0,7,4.1,90,87.7
1006,34,191,49.7,2884,152,4,40,6,3.7,45,50.5
1007,39,192,100,1755,105,7,20,8.1,3,90,97.5
1008,20,172,103.9,3204,65,7,30,5.7,1.1,30,104.9
1009,32,191,68,3456,122,3,0,8.7,1.1,45,71.3
1010,42,193,87,1574,186,7,0,6.2,2.3,45,85.1
1011,45,185,55.9,3293,75,5,50,5.4,2.5,30,56.6
1012,23,187,48.6,3191,182,0,0,8.4,1.9,30,49.5
1013,26,178,58.3,1679,125,5,40,9,1.5,75,55.5
1014,25,192,52.4,2524,184,3,75,7.7,3.8,45,53
1015,37,173,92.5,2698,107,4,50,7.6,2.8,30,92.7
1016,44,195,102.2,3491,116,1,40,8.6,3.9,90,108.5
1017,53,163,55,2081,54,3,75,7.4,2.6,30,53.3
1018,20,167,63.8,3073,121,1,0,5.8,3.1,75,66.1
1019,42,174,73.3,2419,97,6,30,7.5,2.9,120,73.1
1020,52,172,101.4,2877,112,3,0,6,3.9,75,104.7
1021,21,156,79.5,2677,181,7,60,7.1,3,90,80.2
1022,42,179,90.5,2475,78,0,45,8.1,4.3,30,92.1
1023,52,168,67.2,3116,54,4,50,5.7,1.9,120,71.8
1024,18,157,65.5,2814,112,2,75,6.6,2.5,75,66.3
1025,40,180,84.4,2392,149,0,20,5.7,3.1,60,85.8
1026,46,161,62.7,2631,111,7,30,5.5,1.6,90,63.7
1027,32,157,85.3,2254,174,7,50,4.7,3.5,30,85.9
1028,34,166,48.9,2947,183,0,40,6.1,1.3,75,51.1
1029,22,165,59.6,3021,151,1,60,8.4,1.5,60,62.7
1030,41,171,103.6,3034,165,4,0,5.2,1.2,45,106.3
1031,19,156,82.7,2782,175,5,40,6.2,3,120,86.2
1032,42,191,52.5,1816,102,6,90,7.8,4,90,49.1
1033,48,192,77.9,3306,126,4,40,8.3,2,45,80.1
1034,41,164,74,1972,106,7,60,6.1,2.2,90,69.7
1035,41,191,75.6,2443,159,6,40,7.1,3.9,45,76.9
1036,33,176,86.4,2065,111,4,50,5.9,1.3,75,84.6
1037,27,186,76.2,2311,91,7,0,5.3,2.5,90,76.3
1038,48,156,55.2,1639,155,0,30,9,1.5,90,53.5
1039,45,172,55.3,2488,120,1,50,8.5,4.1,90,57.1
1040,24,152,52.2,2953,159,6,75,7.8,2.5,75,54.8
1041,29,187,100.2,3586,66,2,0,7.2,2.3,120,108.2
1042,38,178,58.1,2644,69,3,45,6.7,1.2,90,60
1043,55,182,96.1,3247,118,5,60,5.9,1.6,45,96.9
1044,31,177,77.6,2787,70,5,45,5.2,2,75,78.4
1045,28,168,101.5,2562,72,3,45,5.1,1.7,90,102.3
1046,19,188,99.4,2299,46,7,0,6.2,2,90,98.7
1047,46,183,55.2,3358,120,1,20,6.5,2.5,60,58
1048,26,167,89.7,1977,135,1,40,7.8,2.1,90,88
1049,47,190,89.9,1803,125,0,60,5,3.5,90,86.7
1050,53,192,95.7,1645,47,3,30,7.1,4.1,45,94.2
1051,34,180,56.6,2266,172,4,30,5.4,4.1,90,57
1052,31,150,72.8,3509,187,3,30,4.7,3.4,90,78.7
1053,55,165,84.3,3483,180,2,45,8.3,4.1,120,92.3
1054,43,188,68.4,3470,120,1,40,5,4.1,60,72.1
1055,46,170,62.1,3240,74,2,75,8.8,3.3,60,65.8
1056,26,180,95.9,3503,150,3,0,5.8,2.8,75,100.3
1057,38,166,86.5,3184,145,7,60,6.3,4.2,60,88.8
1058,32,171,84.3,1686,123,7,60,5.5,4.1,90,78.9
1059,25,189,82.8,2029,183,0,0,8.1,1.3,120,81.7
1060,40,185,51.6,1701,177,3,50,6.9,4.4,90,48.4
1061,32,168,93.7,3031,129,6,40,7,1.9,30,93.7
1062,19,183,53.8,3129,169,0,30,5.8,1.1,120,60.4
1063,33,152,63.5,2006,141,6,30,8.2,4.1,30,62.2
1064,50,195,91.5,3201,50,0,90,7.2,1.5,120,97.6
1065,43,162,95.4,2778,127,6,90,7.8,2.1,75,95.6
1066,34,191,80.8,3042,119,6,20,5.5,2.4,60,82.9
1067,52,182,61.9,1570,172,6,50,7.9,3.5,75,58
1068,19,175,92,3331,139,7,20,7.4,2.2,120,100
1069,24,185,57.6,3506,108,1,30,6.3,3.9,90,64.4
1070,54,164,51.4,3521,109,6,45,7.8,3.9,30,53.1
1071,54,188,71.2,1522,113,3,90,8.1,2.9,60,69.2
1072,33,170,74.3,3478,176,1,20,6.4,1.3,45,78
1073,28,183,90.6,2180,95,7,20,4.7,2.5,45,90
1074,51,181,56,3212,147,0,45,5,4.5,120,63.3
1075,35,183,66.4,3022,189,2,30,5.8,3.4,90,71.4
1076,41,183,82.5,3433,163,3,50,8.7,3.5,45,85
1077,48,150,66.1,2234,83,7,20,9,1,120,64.8
1078,24,184,74.1,1887,60,7,30,4.8,3.2,45,72
1079,18,162,63.7,3245,123,5,60,8.7,3,120,70.2
1080,22,187,56.7,2386,116,2,45,7,1.4,90,57.1
1081,42,171,80.8,2635,166,3,30,4.5,1.8,45,80.5
1082,27,159,57.4,1501,127,1,0,5.1,3.8,75,54.1
1083,38,169,76.5,1980,106,6,60,8,3.5,60,74.5
1084,51,170,78.2,2376,87,4,30,8.3,3,75,78.9
1085,34,193,54.9,3283,134,2,0,8.4,4,120,62.5
1086,45,163,83.2,2282,142,5,30,8.7,4.5,45,83.3
1087,51,162,48.3,2771,129,1,50,8.6,2.8,30,49.6
1088,20,191,63.7,3460,146,0,45,5.7,1.2,90,70.4
1089,48,188,84,3508,89,7,90,8.1,1.1,30,85.6
1090,27,195,90,2039,66,6,20,4.8,3.2,30,88.8
1091,52,167,104.1,2295,49,5,50,8.5,1.6,90,103.7
1092,41,183,48.8,3151,151,0,20,5.4,3.7,45,51.6
1093,23,161,73.3,2628,95,6,30,7.4,3.9,30,73.4
1094,53,172,54.7,3409,190,1,75,4.9,4.2,45,58.2
1095,29,170,81.7,1582,88,0,40,7.4,2.6,120,77.8
1096,37,193,84.6,2282,78,4,0,6.2,2,60,83.5
1097,38,176,60.9,2271,114,3,30,8.9,1.9,75,60.5
1098,49,172,81,2928,178,7,30,4.7,3.9,75,82.5
1099,54,163,104.6,3277,133,4,40,6,4.4,90,110.1
1100,35,155,77.3,2363,111,3,75,5.7,4.2,90,77.1
1101,29,180,56,2822,140,6,0,6,1.4,60,58.6
1102,18,160,72,2870,131,1,30,8.6,2.1,75,75.1
1103,19,178,94.1,3369,156,6,75,8.3,1.9,60,97.5
1104,48,193,70.9,1664,104,1,60,6.4,1.9,90,67
1105,19,160,77.2,2731,179,3,30,5.1,2.2,30,78.9
1106,37,159,93.7,3378,146,2,75,4.5,1.5,45,95.6
1107,23,161,61.5,2332,156,1,40,5.2,2.9,60,60.4
1108,28,172,53.7,3114,99,7,60,8.2,3.5,30,54.6
1109,38,158,70.8,2839,117,6,60,6.9,2.2,120,73.6
1110,55,151,60.6,2229,105,5,50,6,3.9,90,59.5
1111,43,154,84.8,2065,172,3,0,5.5,2.5,60,83.8
1112,29,177,56.6,2774,144,7,0,5.7,4.3,45,57.3
1113,51,156,74.5,1838,133,1,60,8.1,1,60,72.2
1114,50,174,87.1,1547,169,6,60,8,2.1,60,84.7
1115,25,188,94,3344,173,5,75,7.7,4,60,96.6
1116,29,177,78.3,3070,65,2,0,6,4.3,90,81.5
1117,50,189,89.5,3363,156,0,75,5.8,1.4,75,94.1
1118,21,188,87.1,2533,153,5,45,8,1.1,60,87
1119,40,176,49,2829,121,0,20,6.1,1.1,120,52.3
1120,29,155,78.5,2016,82,7,60,8.5,2.2,75,76.7
1121,33,183,80.4,1666,64,5,50,4.7,3.1,120,74.1
1122,24,174,77.2,1822,131,4,60,6.3,1.6,120,72.2
1123,23,177,103,2284,111,4,90,6.9,3.8,120,102.1
1124,41,186,75,3289,115,2,45,6.8,1.2,75,80
1125,36,167,48.3,2348,49,6,30,5.7,2.6,120,46.6
1126,32,164,49,2829,101,1,45,7.8,3.1,75,51.7
1127,39,184,70.2,1551,132,5,50,6.1,2.6,75,67
1128,49,163,78.3,2196,144,4,60,4.6,4,30,78.2
1129,53,172,52.7,3012,122,4,50,6.5,2.6,45,54.5
1130,28,189,68,3267,151,0,45,7,2.7,45,70.5
1131,52,158,69.6,2005,69,6,40,5.5,1.4,60,66.8
1132,28,175,79.4,2941,100,6,45,5.9,2.3,30,80.5
1133,38,182,78.5,3106,102,6,75,7.9,2,75,80.2
1134,29,175,64.4,2868,163,2,20,6.2,3.3,75,66.9
1135,19,189,60.8,3561,65,6,0,6,1.9,90,67.2
1136,23,173,49.3,3094,186,3,30,6.6,3.5,45,50.9
1137,30,170,55.6,1765,52,3,75,6.6,3.4,75,53.4
1138,29,179,76.5,1955,129,2,40,6.6,4.4,30,76.6
1139,44,183,104.7,3078,63,6,45,8.5,2.9,120,109.8
1140,52,195,49.4,3469,60,4,60,8.2,3.5,30,51
1141,50,190,85,3255,76,1,30,8.3,3.7,90,90.8
1142,25,160,68.9,2891,81,3,75,5.4,1.3,120,71.7
1143,47,195,76,2502,111,5,45,7.6,2.2,75,76.9
1144,54,167,81.9,2073,82,4,0,5.5,2.3,60,81.3
1145,37,195,57,2748,166,7,45,5.2,3.8,45,57
1146,36,174,62.7,2433,52,3,45,5.2,1,60,62.7
1147,51,175,75.2,2197,133,2,90,5.9,2.3,75,74.5
1148,51,180,58,3055,48,1,50,5.5,1.7,45,59
1149,25,191,59.2,3543,162,0,90,8.5,3.6,60,64.6
1150,43,190,53.6,2849,174,1,45,7,2.9,120,58.1
1151,23,153,73.5,2515,107,4,30,7.6,3.3,45,73.5
1152,47,161,50.3,2588,186,4,20,7.8,3.6,30,52
1153,26,183,65.3,2350,103,3,75,6.6,2.9,30,64.8
1154,22,162,75.3,3310,66,7,40,4.9,3.1,90,78.9
1155,54,150,81.2,1956,158,3,75,9,1.9,75,80
1156,49,190,58.1,3577,168,4,45,5.7,2.9,60,61.8
1157,53,182,65.6,3302,73,2,75,4.5,4.1,90,69.6
1158,28,161,51.7,3269,122,1,75,6,3.4,45,53.5
1159,24,164,60.2,3555,123,5,90,6.6,3.4,90,64.8
1160,27,170,56.9,3122,88,2,30,6,2.8,75,60.5
1161,44,167,61,2576,165,4,50,5.2,2.2,60,62.2
1162,38,178,65.6,3111,151,0,60,4.7,2.4,120,71.7
1163,47,167,49.1,2328,98,4,45,8.2,1.1,75,49.5
1164,38,185,79.9,2316,100,7,45,5,1.9,60,79.3
1165,55,180,102.3,1688,144,7,40,5.8,3.1,75,97.9
1166,21,190,67.5,3013,157,4,20,6.6,4.1,30,68.5
1167,44,159,97.8,2724,96,1,75,5.6,3,120,99.5
1168,51,168,87.3,2075,62,5,50,8.6,2.6,45,85.7
1169,47,164,74.3,2864,95,4,45,7.2,4.3,45,74.8
1170,44,177,70.6,3492,57,0,90,6.2,3,30,73.6
1171,38,184,76,2867,62,1,20,8.9,3.7,90,78.6
1172,50,155,80.7,3418,93,1,60,8.2,2.6,120,88
1173,39,154,58.4,2891,161,6,0,6.3,2,90,62.5
1174,19,150,60.8,3249,83,4,40,7.1,3.7,90,65.2
1175,30,186,100.7,2125,93,2,40,5.9,1.4,90,99.4
1176,20,158,78.8,1783,128,5,40,7.5,1.7,45,77.1
1177,35,164,101.4,2389,135,0,30,8.4,4.3,30,102.7
1178,42,151,73.3,2354,142,0,75,6.5,1.7,75,73.9
1179,25,155,103.2,3575,177,1,30,7.9,1.4,75,109.8
1180,40,170,71.7,2361,68,5,75,5.6,1.4,75,69.3
1181,42,176,70.8,1909,135,5,45,8.3,2.5,120,67.4
1182,23,191,84.7,3096,165,0,45,7.8,4.1,30,85.7
1183,33,161,80.2,2024,177,2,30,7.6,3.7,30,80.2
1184,31,192,64.7,3199,85,6,30,5.3,2.8,45,67.1
1185,29,173,98.1,1948,86,0,75,5.4,2.4,60,97.5
1186,34,189,66.3,1605,129,0,75,4.7,4.1,75,62.1
1187,42,188,89.2,2195,85,1,0,6.1,1.8,75,89.5
1188,25,180,74.5,3200,182,7,30,8.4,3.8,30,75.9
1189,48,166,55.3,2997,69,7,75,7.9,4,45,55.6
1190,50,158,93.9,2084,102,1,20,7.7,2,90,92.1
1191,32,166,58.5,2733,129,7,90,6.8,4.5,60,59.4
1192,26,170,72.1,2094,53,6,0,8.1,4.4,30,71.1
1193,20,165,57.2,2821,47,7,75,8.4,1.7,90,57.9
1194,31,179,83.4,3301,75,4,90,8.7,2.2,45,85
1195,49,185,74,1895,132,4,20,8,2.5,30,74.4
1196,26,156,60.9,3373,73,1,90,7.7,1.4,60,64
1197,45,185,104.1,1839,174,2,60,8.2,4.1,90,101.6
1198,32,151,59.3,2949,179,2,90,6.9,3.8,60,61.7
1199,51,160,69.3,1910,87,3,30,6.9,4.3,75,68.2
1200,35,153,102.7,3141,120,6,90,8.9,4.1,75,105.1
1201,37,150,52.3,2776,98,1,0,7.9,1.5,75,55.3
1202,33,175,92.8,3216,145,3,40,8.3,1.2,60,95.3
1203,43,157,89.4,2121,97,7,30,7.5,3.7,30,89.3
1204,51,169,77.9,3429,104,7,45,8.2,2.9,90,83.1
1205,22,171,97.9,1667,142,4,20,7.3,2.5,45,97.1
1206,49,168,60.8,1922,67,5,40,8.4,3.3,120,58.6
1207,44,153,84.4,2647,115,4,90,6,3.3,60,85.8
1208,23,150,53.8,3488,107,7,40,7.2,3.3,30,56.8
1209,49,185,82.6,3039,177,6,0,7.2,3.1,120,89.7
1210,54,156,54.7,2477,137,6,60,7.7,1.1,120,55.5
1211,47,186,97.2,1652,147,6,0,5.5,1.6,120,93.5
1212,24,168,100.5,1616,161,4,50,8.2,2.2,45,98.2
1213,21,170,74.1,2577,86,3,90,8,2.9,60,75.2
1214,40,161,96.1,1864,130,5,90,7.8,3.9,45,94.1
1215,37,156,100.1,1870,148,5,75,7.4,3.6,45,98.1
1216,49,172,67.2,3293,137,2,30,6,1.4,90,71.8
1217,50,194,84.6,2713,188,2,60,7.3,1.3,30,84.4
1218,43,166,56.3,2893,181,5,60,5.1,2.3,120,59.9
1219,36,189,80.5,1836,127,3,75,8.2,1.9,45,79.5
1220,35,151,76.2,2396,107,3,75,7.4,1.8,30,75.7
1221,19,189,75.5,3297,151,3,60,5.3,2.8,75,79.6
1222,42,166,88.3,2990,112,6,50,6.1,4.2,45,89.3
1223,40,154,102.6,2050,127,3,90,7.1,1.3,90,101
1224,52,170,54,2433,134,3,75,5.7,3.9,75,54.3
1225,49,187,72.9,2201,50,7,90,7.4,4.1,75,71.4
1226,27,154,86.9,1767,115,4,0,7.7,2.7,120,84.2
1227,26,175,60.3,3351,124,4,50,5.5,3.8,90,66
1228,27,184,103.9,2788,46,0,50,7.1,3.7,30,105
1229,51,176,89.6,2297,108,2,30,4.6,4.3,120,87.9
1230,23,156,101.9,3086,149,6,75,5.1,2.2,30,102.3
1231,29,195,72.5,2532,172,1,30,5.7,1.7,60,74.4
1232,23,171,73.7,1885,179,4,0,8.5,1.2,90,71.4
1233,41,156,57.6,1551,46,5,60,5.9,3.8,90,52.3
1234,22,161,58.7,3540,91,3,50,4.9,3.4,45,61.7
1235,54,161,98.8,2227,174,2,75,4.6,1.1,90,98.6
1236,25,169,101.3,1941,134,2,90,5.3,1.3,45,100.1
1237,39,179,100.9,3092,159,1,90,4.8,1.9,45,102.1
1238,49,162,93.3,1670,136,0,75,8.1,4.2,120,90.4
1239,55,156,96.3,1872,127,6,90,7.4,2,45,94.3
1240,30,168,101.8,3246,148,6,60,4.9,1.1,30,102.5
1241,48,189,70.2,3538,118,0,90,8.2,1.7,30,72.1
1242,55,186,78.9,2784,57,0,0,8.9,2.3,60,81.8
1243,21,193,97.8,3582,179,2,90,6.2,3.4,45,100.2
1244,29,164,88.6,1798,97,7,40,7.1,3.1,30,88.4
1245,31,194,54.6,2689,46,3,50,8.9,4.5,45,55.3
1246,43,152,56.9,2508,111,6,45,5.4,4.1,120,57.7
1247,44,194,48.6,3194,141,4,40,8.2,2.7,90,52.3
1248,43,152,87.7,3339,77,3,20,7.4,1.4,75,91.1
1249,52,170,57.5,2550,146,4,90,5.8,4,60,56.8
1250,25,175,94.9,2327,67,7,40,5.1,4.5,75,93.8
1251,25,164,50.2,3089,92,1,20,5.6,3.2,75,53.9
1252,46,188,91.8,3562,93,3,50,4.7,1,45,94.1
1253,34,161,68,2321,59,6,60,5.2,2,30,66.7
1254,30,171,85.5,3297,51,7,20,8.3,3.1,60,88.9
1255,27,185,103,1732,73,1,60,6.8,1.1,120,97.7
1256,38,173,50.2,1925,104,0,60,4.5,1.2,75,48.6
1257,25,164,91.4,1644,189,1,0,7.4,4.2,90,89.2
1258,36,193,83.1,3341,105,7,45,6.1,4.5,75,86.7
1259,27,179,78.6,2975,102,2,45,7.4,1.6,75,82.5
1260,28,173,90.2,3268,121,2,0,6.6,3.5,90,96.2
1261,43,158,95.9,2945,98,6,60,8.5,2.6,75,97.9
1262,42,179,68.7,2835,147,2,90,5.4,1.8,45,69.9
1263,41,179,79.2,3172,140,4,40,6.3,2.6,90,83.7
1264,37,189,71.5,2316,100,5,90,8.5,3.3,90,70.4
1265,46,151,87.6,3080,190,2,45,8.9,3.4,45,90.5
1266,54,162,56.6,2796,164,3,30,7.9,2.7,90,60.6
1267,51,190,97.9,1897,61,1,0,4.5,4,30,96.7
1268,23,170,101.1,2961,96,2,40,5.9,1.2,90,104.8
1269,55,178,75.1,2217,119,4,20,8.1,1.6,45,74.2
1270,25,184,99.9,3178,85,7,45,7.6,4.2,30,101.6
1271,27,178,53.5,1661,79,6,75,6.2,1.6,30,51.9
1272,41,178,81.3,2244,159,0,75,8.8,3,60,82.9
1273,41,154,58.1,2729,145,2,20,9,3.8,120,61.6
1274,38,168,88.6,1840,135,7,0,7.3,3.1,45,87.3
1275,34,162,77.3,1596,170,5,30,4.7,1.8,60,73.9
1276,45,171,50.3,3376,65,5,90,4.6,4.1,90,52.6
1277,54,151,65.3,2317,165,6,60,4.7,3.4,120,63.4
1278,41,182,96.7,3238,149,5,30,8.7,3.5,90,101.4
1279,36,167,52.7,3342,66,5,90,8.5,1.1,45,55.3
1280,24,165,52.2,3029,61,2,40,8,4,30,54
1281,39,189,52,3387,129,1,20,4.8,1.5,120,59.9
1282,29,155,88.9,1875,45,6,40,5.4,3.5,75,85.4
1283,51,162,75.1,2308,171,2,75,5.8,3.4,30,75
1284,50,150,52.5,2309,112,2,90,7.1,1.7,30,52.7
1285,22,162,58.7,2816,103,2,60,7.4,3.1,90,61
1286,36,163,72.3,2912,106,0,45,5.8,1.6,30,72.3
1287,40,153,83.3,3261,65,7,0,8.9,3.4,60,87.2
1288,41,194,86.8,1769,190,4,50,6.5,3.6,75,84.1
1289,37,181,65.9,2279,103,2,0,7.6,2.4,75,65.6
1290,43,179,97.5,3402,160,2,30,7.8,2.3,30,100.4
1291,38,174,104.4,2111,147,5,0,6.5,3.9,45,103.4
1292,29,163,53.4,3102,165,2,45,6,1.1,75,56
1293,53,167,61,3492,172,6,60,8.8,1.6,120,68
1294,24,154,102.3,3452,119,2,40,6.8,2.7,45,105.1
1295,18,169,84,2886,124,6,20,7.2,2.9,60,86.5
1296,26,173,80.2,3439,61,0,75,6.2,1.9,60,84.3
1297,38,190,100.2,3450,116,5,50,7.6,4.2,60,104.6
1298,54,164,88.4,2470,108,7,75,8.5,2.1,30,88
1299,27,189,66.3,3510,163,4,20,6.5,3.7,60,71.2
1300,41,153,75,2414,45,5,50,8.2,2.7,45,75.5
1301,38,181,104.2,2319,93,1,45,7.8,3.6,45,104.4
1302,50,168,62.1,3040,153,0,45,5.7,1.5,30,62.3
1303,44,155,69,2104,159,6,90,5.2,2.6,60,66.2
1304,35,179,63.7,3356,117,2,30,6,1.1,30,66.1
1305,53,180,69,2791,141,0,60,7.4,2.4,60,71.3
1306,20,191,64.1,1661,175,0,30,6.7,4.2,45,62
1307,51,160,101.6,2462,68,5,50,6,2.4,30,101.4
1308,52,153,77.9,3121,84,1,40,6.5,1.4,60,79.9
1309,21,191,87,1599,58,3,75,4.7,1.8,45,85.3
1310,26,182,66.2,3087,146,0,90,7.9,2.7,120,73
1311,44,185,51.9,2319,54,3,40,7.1,1,120,50.1
1312,41,182,99.2,2172,146,3,30,6.9,4.2,120,98.8
1313,35,185,69.3,3090,85,3,45,6,2.1,60,71.3
1314,36,178,49.6,3596,148,3,30,5,2.4,30,52.2
1315,31,162,91.3,2723,99,4,50,6.6,3.3,45,92.2
1316,34,163,77.1,2769,48,3,30,8.4,1.7,120,79.8
1317,38,179,104.1,2176,170,7,90,7.2,3.8,120,102
1318,33,154,83.1,1501,52,0,0,8.8,4.3,60,80.5
1319,54,160,53.5,3007,100,3,60,7.8,2.3,60,55.6
1320,19,169,91.9,1991,122,2,45,6.6,4.3,45,90.3
1321,19,180,58,1961,67,3,75,8.4,3,90,55.2
1322,19,194,80.1,1759,84,3,20,6.3,2.3,30,79
1323,47,176,58,1554,56,1,45,7.7,3.5,45,56.7
1324,19,192,63.5,2270,105,7,0,9,1.2,90,64.6
1325,45,185,102.3,3501,104,0,45,6.1,3.1,75,108.2
1326,52,160,69.3,3020,186,2,50,7.8,2.2,45,71.6
1327,41,179,104.1,2697,82,7,90,6.3,4.4,30,104.4
1328,26,171,100.7,3411,160,2,0,6,4.2,120,108.1
1329,39,184,84.1,2153,80,3,60,4.9,2.5,30,84.5
1330,52,152,77.6,1516,110,2,40,7.6,3.8,75,73.4
1331,41,185,101.4,3108,101,5,60,7.6,4.5,45,103.6
1332,47,159,95.6,2271,45,1,75,5.1,1.3,60,94.1
1333,43,169,95,1895,93,0,0,4.6,1.4,45,94.3
1334,22,154,62.4,1987,153,5,60,4.5,3.1,60,60.2
1335,31,169,72.4,3459,55,7,0,6.7,2.2,60,76.7
1336,42,184,91.9,3231,134,7,0,6.2,4.4,30,93.7
1337,52,155,52.7,1885,161,6,50,5.6,4.4,30,51.4
1338,53,195,96.7,2387,150,1,0,7.6,3.1,120,98.7
1339,50,178,51.9,2242,163,4,60,8.1,2.9,120,50.5
1340,55,157,87.8,3511,89,7,45,8.3,1.1,90,92.9
1341,25,193,56.8,1814,95,7,75,5.6,2.4,120,51.1
1342,29,174,50.5,2248,102,5,75,5.5,2.6,120,48.9
1343,25,156,57.4,2040,189,0,75,6.7,3.8,75,55.8
1344,51,194,69,1935,152,7,0,5.8,3,75,66.6
1345,23,166,98,2964,166,6,90,8.6,4.2,45,98.6
1346,28,155,80.5,2304,159,5,90,5.7,1.2,120,77.8
1347,44,157,79.9,2451,96,2,45,5.1,3.5,30,79.7
1348,50,150,54.4,2589,180,0,45,8.5,1.5,45,56.4
1349,31,162,85.9,3459,167,3,20,5.3,2.9,120,93.9
1350,22,159,86,3588,82,1,75,6.8,4.5,90,91.8
1351,44,190,68.6,2423,112,6,0,7.9,1.2,60,69.8
1352,19,162,86.3,3030,145,7,40,7.9,1.4,90,90.7
1353,50,176,84.8,2144,106,4,75,8,2.5,30,84.1
1354,53,155,88.2,2096,55,5,45,6.3,2.6,60,86.3
1355,52,188,66.6,2762,165,7,60,7.9,3.9,90,68.9
1356,54,158,74.8,1872,170,5,90,6.8,3.2,60,72.9
1357,35,168,81.9,2433,125,5,40,7,2.2,60,81.4
1358,39,183,86.5,2640,112,6,40,8,4.1,45,88
1359,36,162,87.2,2980,183,5,40,8.1,3,45,88.3
1360,36,190,62.1,2881,91,7,50,5.6,2.7,60,64
1361,47,184,67.5,2543,63,4,20,8.8,3.8,75,67.6
1362,30,166,100.9,3362,185,4,90,7.1,1.7,30,103.6
1363,49,188,54.2,3290,144,5,20,5.1,1.4,30,54.7
1364,22,167,54.1,2599,77,1,60,5.4,4.1,90,54.1
1365,25,171,103.7,2635,117,6,40,5.5,3.2,90,105
1366,53,172,95.9,2121,50,5,40,5.3,4.4,75,93.4
1367,19,160,53.2,2604,169,1,20,5.6,2.4,45,53.9
1368,28,161,100.3,2644,72,0,40,7.5,2.5,90,102.9
1369,46,163,61.2,1835,149,7,75,5.2,4.1,90,57.5
1370,19,184,91.6,2340,170,6,90,6,1.1,90,90.3
1371,46,188,59.7,2091,64,6,30,8,1.7,60,58.2
1372,35,165,88.8,2445,142,7,0,7.6,3,120,91
1373,46,195,93.6,3092,133,5,60,4.6,2.5,75,96.8
1374,23,177,62.5,2436,113,5,45,6.7,1.6,90,62.7
1375,51,162,96.2,3062,138,0,40,4.9,4.2,30,97.8
1376,53,153,62.3,2545,160,2,45,5.1,2.5,45,62.2
1377,37,160,77.7,2449,68,0,30,5.8,2.6,75,78.8
1378,33,151,94,2300,64,1,20,5.7,3.7,90,92.7
1379,47,185,91.4,2232,84,2,40,8,2.1,45,91.7
1380,50,151,76.6,1732,145,2,30,4.7,1.5,45,74.2
1381,41,186,92.6,3394,107,7,30,7.7,3.5,45,95.6
1382,20,154,104,2056,45,4,75,6.9,2.7,75,101.9
1383,43,183,74.6,2949,148,4,90,8.7,1.6,75,76.2
1384,20,163,52.2,3005,121,1,60,6.2,2,30,52.9
1385,30,151,60.3,2102,160,2,45,6.3,1.5,45,60.6
1386,34,181,70.8,3405,140,3,75,5.1,4.4,45,74.4
1387,24,168,69.3,2935,164,6,60,4.9,2,90,71.4
1388,20,180,51.9,2857,94,4,90,5.2,4.5,45,53.2
1389,53,167,51.4,3586,100,5,0,6.5,2.2,90,58
1390,38,168,69,2005,157,7,60,7.9,1.1,90,67.1
1391,54,182,51.8,2128,141,5,75,7.8,3.2,45,50.2
1392,30,155,83.2,2629,145,3,0,4.7,1,45,83.1
1393,54,162,71.8,2121,154,4,40,4.5,1.2,30,70.6
1394,48,154,60.5,2178,171,1,20,7.5,3.8,60,60.8
1395,41,180,102.5,2557,187,5,50,6.9,3.3,120,104.2
1396,35,188,92.4,2504,102,0,60,6.7,2.1,90,93
1397,43,153,102.3,2730,110,1,30,7,4,45,104.4
1398,33,179,99.6,1903,183,5,60,7.8,2.5,60,97.6
1399,33,160,83.5,1771,125,0,60,6.3,2.5,75,81.2
1400,19,171,101.4,1984,123,3,75,8.5,2.7,75,100.1
1401,43,177,96.4,2673,107,2,50,5.2,2.1,75,98.2
1402,24,155,52.7,1534,83,6,75,8.5,4.3,120,46.2
1403,21,150,74.9,1633,79,4,50,7.6,4.2,120,69.2
1404,54,155,50.3,2768,129,1,0,9,1.3,30,51.5
1405,30,160,99.1,3508,72,4,45,7.3,2.8,90,104.3
1406,22,179,82.6,2564,85,1,75,7.2,3.4,30,82.8
1407,39,192,57.3,3436,160,5,90,5.9,3.3,75,61
1408,33,169,86,2362,106,7,30,7.7,1.1,30,86
1409,25,159,54.1,3338,77,2,20,5.8,2.2,60,57.5
1410,48,177,71.4,2739,98,7,0,6.1,2.4,60,71.9
1411,20,166,70.2,3538,163,6,50,6.5,3.9,120,78.2
1412,45,192,65.9,2253,46,2,45,6.4,2.7,60,64.5
1413,26,165,77.2,3528,116,3,30,6.4,3.7,120,85.2
1414,39,189,69.3,1511,71,7,90,5.4,1.5,120,61.3
1415,50,167,78.3,2305,156,0,75,8.8,3.1,60,79.1
1416,47,152,64.2,1573,149,1,75,8.2,2.5,75,62.3
1417,54,164,100.6,2412,160,4,45,8.5,4,45,101.5
1418,55,166,70.5,1517,180,3,0,5.5,3.9,45,68.4
1419,45,153,102.6,2620,182,6,0,6.8,4.3,120,106.4
1420,21,181,104.4,2374,181,4,20,8.3,4.2,75,105.6
1421,39,161,79.1,2320,48,6,20,6,1.9,75,77.3
1422,26,166,57.6,2697,110,6,30,8.6,1.7,45,58.2
1423,36,169,104.9,1780,64,2,20,8.3,1,45,102.5
1424,35,161,54.5,3348,131,1,90,7.9,3.7,75,59.4
1425,48,192,83,1841,136,1,50,5.3,3.8,90,81.3
1426,19,189,93.8,1853,61,2,30,6,2.8,120,89.9
1427,48,190,68,2893,144,6,20,8.1,3.7,75,70.3
1428,30,189,84.3,1774,103,7,90,8,2.4,120,77.9
1429,20,152,73.8,1515,135,0,50,7.4,2.5,30,73.6
1430,47,155,55.6,1893,178,1,30,6.6,2.9,90,54.4
1431,39,157,83.6,1633,126,3,45,6.9,2.5,30,83.1
1432,21,169,85.9,2060,111,6,30,5.8,4,30,86.4
1433,41,154,76.4,2728,149,0,0,8.9,2.1,120,79.7
1434,26,183,82.4,1910,137,1,20,8.9,3.7,60,82.5
1435,29,186,60.1,1822,104,0,45,5.9,3.7,90,58.4
1436,23,195,79.3,2717,186,4,20,8.5,3.6,30,80
1437,44,155,85.5,2602,58,2,20,4.9,4.3,30,85
1438,48,152,74.7,2979,148,1,45,5.2,4.3,45,75.6
1439,28,161,85,1925,49,7,40,7.8,1.4,120,81.9
1440,50,165,104.4,1521,178,4,40,6.7,1.8,75,100.3
1441,42,162,95,2698,133,2,60,8.9,2.4,90,97
1442,33,189,96.8,2010,152,4,75,4.5,1.4,90,93.2
1443,34,194,55.3,2255,75,3,30,7.7,1.8,45,55.6
1444,22,193,70.5,2393,115,1,0,7.4,3.5,120,70.5
1445,24,171,59.8,2091,82,1,50,6,2.4,120,57.7
1446,35,178,85.8,2097,97,6,50,5.3,3.3,120,81.9
1447,49,167,72.9,2532,45,6,75,5.2,3.7,30,73.2
1448,51,168,59.6,1952,118,2,45,5.8,2.5,30,58.8
1449,51,154,81.4,2924,122,3,75,5.4,4,75,84.4
1450,35,160,75.4,3294,79,0,40,7.4,2.3,90,80.7
1451,27,157,63.3,3018,178,4,20,5.7,3.3,60,66.4
1452,19,154,80.3,1938,106,4,45,8.1,3.7,120,78.5
1453,54,183,100.5,3535,180,0,30,8.8,2.1,120,108.5
1454,44,186,67.5,3470,94,2,20,7.8,3.5,75,72.2
1455,35,187,59.4,3146,189,5,20,6.2,3.2,45,61.3
1456,39,172,74.9,2487,181,5,75,5.5,4.4,30,75.4
1457,24,186,99.1,2447,150,0,40,6.6,2.9,120,99.6
1458,53,178,89,2404,99,3,50,4.9,1.9,90,88.3
1459,35,191,81.6,3342,98,1,50,8.7,3.1,30,84.3
1460,52,190,101.5,2487,56,7,45,6.9,3.3,120,101.6
1461,49,163,93.4,2854,70,1,90,7.1,4.2,60,94.1
1462,40,172,90.9,2172,51,1,0,7.5,1.7,45,89.9
1463,20,161,59.2,2356,95,2,45,6.6,3.3,45,59.5
1464,20,157,89.4,2336,138,4,60,5.2,1.2,45,88.8
1465,18,160,69.3,2217,152,1,20,7.9,1.7,45,69.1
1466,45,164,87.9,2180,113,5,75,5.2,4.5,90,86.1
1467,31,178,72.2,3323,116,5,45,7.2,4.2,30,73.3
1468,36,174,92,3404,68,1,30,8.6,1.8,120,100
1469,25,185,75.3,2053,58,2,90,8.4,3.8,45,75.4
1470,50,188,79,1803,106,1,50,6.9,1.3,60,76.7
1471,26,161,50.5,3509,97,2,40,7.6,1.3,45,53.8
1472,22,177,89.1,1828,127,7,30,7.6,4.5,60,86.4
1473,18,151,92.2,1599,52,1,50,5.2,3.6,120,86.3
1474,23,194,58.9,1902,157,5,0,8,3.6,90,56.6
1475,27,172,65.8,1971,174,4,45,5.7,1.3,45,64.9
1476,54,184,75.2,3511,178,1,30,5.3,3.7,90,82
1477,20,170,69.6,1665,174,6,75,4.6,3.1,30,68.3
1478,33,174,67.7,2898,67,5,90,5.7,1.5,75,68.6
1479,33,176,56.5,2603,175,3,50,6.2,1.2,60,58.1
1480,54,174,89.6,1661,165,0,60,5.4,2.4,90,86.4
1481,40,151,92,2256,77,1,0,5.7,1.2,30,92.5
1482,34,183,55.1,1520,111,4,30,7,2.7,45,53
1483,42,195,91.5,1762,147,4,40,5.2,1.2,120,86.5
1484,36,160,77.7,2759,149,4,30,4.6,4.1,120,79.3
1485,51,177,60.2,2768,109,1,75,8.4,3.9,60,63.1
1486,42,160,68.2,3030,119,0,30,6.3,1.8,120,73
1487,52,193,58.7,2285,50,1,75,6.2,2.4,60,58.9
1488,50,186,102.7,3569,50,3,20,6.2,2.9,90,108.8
1489,35,171,89.4,2049,164,0,50,4.7,3.4,30,90.1
1490,36,165,59.7,2385,98,5,40,8.2,1.9,60,60.6
1491,25,175,89.5,2079,71,1,20,7.7,2.6,75,89
1492,25,184,50.8,2313,106,1,40,6.7,1.5,120,50.3
1493,32,152,98.3,1642,64,1,90,6.7,4.4,75,94.2
1494,50,176,92.4,1534,47,2,40,8.2,4.5,30,91.3
1495,39,176,54.4,2023,179,0,40,7.6,2.2,120,53.9
1496,34,168,94.9,1990,151,0,40,6.3,3.1,60,93.2
1497,21,154,65.7,1790,76,4,20,6.9,1.8,75,63.1
1498,39,151,81.4,3168,94,2,30,8.7,3.1,90,85.5
1499,33,178,63.7,2883,152,1,20,5.6,1.1,120,68.4
1500,36,158,77.6,3168,55,5,0,8,2.2,75,82.4
